,baseMean,log2FoldChange,sigAdj,hgncSymbol,appCount,tissList
ENSG00000143226,10935.9895173186,7.398591564471418,9.150092850623475,FCGR2A,7,"['Heart', 'Liver', 'Colon', 'Vessel', 'Lung', 'Kidney', 'Intestine']"
ENSG00000205277,169.944674918649,4.906259040833391,5.277732864261178,MUC12,7,"['Heart', 'Liver', 'Colon', 'Vessel', 'Lung', 'Kidney', 'Intestine']"
ENSG00000181790,73.8982126704789,4.207996003660787,4.790632430881471,ADGRB1,7,"['Heart', 'Liver', 'Colon', 'Vessel', 'Lung', 'Kidney', 'Intestine']"
ENSG00000104888,113.642386375823,3.5669171748439754,4.038669129140881,SLC17A7,7,"['Heart', 'Liver', 'Colon', 'Vessel', 'Lung', 'Kidney', 'Intestine']"
ENSG00000166928,12.4494767228821,13.809133582836644,13.393543043641452,MS4A14,6,"['Heart', 'Colon', 'Vessel', 'Lung', 'Kidney', 'Intestine']"
ENSG00000258227,24.0064287216346,13.523615929043913,12.183041966499916,CLEC5A,6,"['Heart', 'Colon', 'Vessel', 'Lung', 'Kidney', 'Intestine']"
ENSG00000203747,307.443633809874,10.141357426050496,10.220216184926384,FCGR3A,6,"['Heart', 'Colon', 'Vessel', 'Lung', 'Kidney', 'Intestine']"
ENSG00000198019,101.831448271111,9.572357851144673,8.904023497387124,FCGR1B,6,"['Heart', 'Colon', 'Vessel', 'Lung', 'Kidney', 'Intestine']"
ENSG00000178789,9.52579785275307,11.733708870452721,8.165040057126328,CD300LB,6,"['Heart', 'Colon', 'Vessel', 'Lung', 'Kidney', 'Intestine']"
ENSG00000166527,4.57347100603462,11.554790383389497,8.039013667064259,CLEC4D,6,"['Heart', 'Colon', 'Vessel', 'Lung', 'Kidney', 'Intestine']"
ENSG00000081237,525.71863069672,6.208180223070012,7.906573495928676,PTPRC,6,"['Heart', 'Colon', 'Vessel', 'Lung', 'Kidney', 'Intestine']"
ENSG00000162738,124.289171874331,5.756992333754315,7.323160984286044,VANGL2,6,"['Heart', 'Liver', 'Colon', 'Vessel', 'Lung', 'Intestine']"
ENSG00000173705,423.691965611024,2.4988079928420217,7.2239411575411365,SUSD5,6,"['Heart', 'Liver', 'Vessel', 'Lung', 'Kidney', 'Intestine']"
ENSG00000197629,180.815281419713,7.718080036920605,6.7058797736900955,MPEG1,6,"['Heart', 'Colon', 'Vessel', 'Lung', 'Kidney', 'Intestine']"
ENSG00000268500,48.7787032519224,5.088781098935498,6.505134390104861,SIGLEC5,6,"['Heart', 'Colon', 'Vessel', 'Lung', 'Kidney', 'Intestine']"
ENSG00000142235,35.3941306458189,3.528383729833672,6.353789735678131,LMTK3,6,"['Heart', 'Liver', 'Colon', 'Vessel', 'Lung', 'Intestine']"
ENSG00000171951,143.418222198847,3.9796652163598405,5.99559841486435,SCG2,6,"['Heart', 'Liver', 'Vessel', 'Lung', 'Kidney', 'Intestine']"
ENSG00000172461,71.6268498039946,9.173215622818768,5.883473141189565,FUT9,6,"['Heart', 'Liver', 'Colon', 'Vessel', 'Lung', 'Intestine']"
ENSG00000169896,136.38902325999,5.248613074181876,5.750962162891498,ITGAM,6,"['Heart', 'Colon', 'Vessel', 'Lung', 'Kidney', 'Intestine']"
ENSG00000005844,102.796817183927,4.668871886402443,5.415615449583204,ITGAL,6,"['Heart', 'Colon', 'Vessel', 'Lung', 'Kidney', 'Intestine']"
ENSG00000183166,51.6952933649061,6.505383069966226,4.825217754306217,CALN1,6,"['Heart', 'Liver', 'Colon', 'Vessel', 'Lung', 'Kidney']"
ENSG00000128596,89.1626146916561,2.2829741378508017,4.404014361131131,CCDC136,6,"['Heart', 'Liver', 'Colon', 'Vessel', 'Kidney', 'Intestine']"
ENSG00000086730,160.18116479295,2.6410285929466832,4.226328077474622,LAT2,6,"['Heart', 'Colon', 'Vessel', 'Lung', 'Kidney', 'Intestine']"
ENSG00000204577,51.4103648876032,2.8718794711954736,3.950852753483687,LILRB3,6,"['Heart', 'Colon', 'Vessel', 'Lung', 'Kidney', 'Intestine']"
ENSG00000169181,32.8653783132333,4.317714561207613,3.8948692904599445,GSG1L,6,"['Heart', 'Liver', 'Vessel', 'Lung', 'Kidney', 'Intestine']"
ENSG00000167895,101.728309837517,3.2691410466557698,3.6354453729137197,TMC8,6,"['Heart', 'Colon', 'Vessel', 'Lung', 'Kidney', 'Intestine']"
ENSG00000163377,6.25710101741353,3.698688083033377,3.0679049852447364,TAFA4,6,"['Heart', 'Colon', 'Vessel', 'Lung', 'Kidney', 'Intestine']"
ENSG00000153563,18.4849848779411,3.500965564090132,2.947191041310979,CD8A,6,"['Heart', 'Colon', 'Vessel', 'Lung', 'Kidney', 'Intestine']"
ENSG00000154118,50.6738162082853,2.3966418116927835,2.7237717098652965,JPH3,6,"['Heart', 'Liver', 'Vessel', 'Lung', 'Kidney', 'Intestine']"
ENSG00000172116,13.4152115331611,3.76480999616194,2.57916707253773,CD8B,6,"['Heart', 'Colon', 'Vessel', 'Lung', 'Kidney', 'Intestine']"
ENSG00000011600,164.009136190756,14.169170213853103,11.0587746590056,TYROBP,5,"['Heart', 'Colon', 'Vessel', 'Lung', 'Intestine']"
ENSG00000124731,31.9006356127026,11.28837848746638,10.951422827442233,TREM1,5,"['Heart', 'Colon', 'Vessel', 'Lung', 'Intestine']"
ENSG00000166523,39.7747829904817,10.066991048329376,7.764951421073812,CLEC4E,5,"['Heart', 'Colon', 'Vessel', 'Lung', 'Intestine']"
ENSG00000196218,200.476728773516,5.707646113243617,7.484890396970551,RYR1,5,"['Colon', 'Vessel', 'Lung', 'Kidney', 'Intestine']"
ENSG00000275302,85.9763005230323,11.882948614873758,7.191162219590761,CCL4,5,"['Heart', 'Colon', 'Vessel', 'Lung', 'Intestine']"
ENSG00000142185,137.469398383602,4.870881814115627,6.824517150366238,TRPM2,5,"['Heart', 'Colon', 'Vessel', 'Lung', 'Kidney']"
ENSG00000166927,80.8400688472492,9.795089493331494,6.603820747604364,MS4A7,5,"['Colon', 'Vessel', 'Lung', 'Kidney', 'Intestine']"
ENSG00000110436,1589.37682684232,5.781634217807134,6.599886331783665,SLC1A2,5,"['Heart', 'Colon', 'Vessel', 'Kidney', 'Intestine']"
ENSG00000276070,46.5923255155996,10.676313242551222,6.528852883086808,CCL4L2,5,"['Heart', 'Colon', 'Vessel', 'Lung', 'Intestine']"
ENSG00000197471,102.862655585609,5.654609508833606,6.406517982812718,SPN,5,"['Heart', 'Colon', 'Vessel', 'Lung', 'Intestine']"
ENSG00000096996,11.9238737816474,4.322159403475291,6.232022624490492,IL12RB1,5,"['Heart', 'Colon', 'Vessel', 'Lung', 'Kidney']"
ENSG00000131042,59.4090334237825,8.300479722788996,5.816189354040124,LILRB2,5,"['Heart', 'Colon', 'Vessel', 'Lung', 'Intestine']"
ENSG00000174123,37.0095589764049,5.737170141513228,5.615717536271467,TLR10,5,"['Heart', 'Vessel', 'Lung', 'Kidney', 'Intestine']"
ENSG00000121895,152.992978478542,2.7633412525937215,5.418114729522431,TMEM156,5,"['Heart', 'Colon', 'Vessel', 'Lung', 'Intestine']"
ENSG00000105609,36.2491299305647,4.56882434413615,5.022562134967401,LILRB5,5,"['Colon', 'Vessel', 'Lung', 'Kidney', 'Intestine']"
ENSG00000126262,17.4568311608516,7.829018604504472,4.952560617281755,FFAR2,5,"['Colon', 'Vessel', 'Lung', 'Kidney', 'Intestine']"
ENSG00000160712,432.483829961815,1.8997378010169261,4.910294424026717,IL6R,5,"['Heart', 'Colon', 'Vessel', 'Lung', 'Kidney']"
ENSG00000149654,5.62510772655134,7.1009795064109325,4.773994459685072,CDH22,5,"['Heart', 'Colon', 'Vessel', 'Lung', 'Kidney']"
ENSG00000088053,13.7229962270327,3.20509198009193,4.667894209809611,GP6,5,"['Heart', 'Vessel', 'Lung', 'Kidney', 'Intestine']"
ENSG00000188338,182.41626454337,4.362082827574538,4.464334577543905,SLC38A3,5,"['Heart', 'Colon', 'Vessel', 'Lung', 'Intestine']"
ENSG00000254415,76.0197817099117,3.33576490791794,4.458329573944581,SIGLEC14,5,"['Heart', 'Vessel', 'Lung', 'Kidney', 'Intestine']"
ENSG00000183117,75.3727290519141,4.35797808915841,4.448161041008289,CSMD1,5,"['Liver', 'Colon', 'Vessel', 'Lung', 'Kidney']"
ENSG00000140749,92.0684897265781,3.001787528464296,4.390750145075126,IGSF6,5,"['Colon', 'Vessel', 'Lung', 'Kidney', 'Intestine']"
ENSG00000198216,57.1100832753476,5.268911502987346,4.3855659257045065,CACNA1E,5,"['Heart', 'Colon', 'Vessel', 'Lung', 'Intestine']"
ENSG00000013725,10.3609109150386,6.868206109062572,4.332293082020707,CD6,5,"['Heart', 'Colon', 'Vessel', 'Lung', 'Intestine']"
ENSG00000105642,14.3417797897723,2.80571772828565,4.236034977720732,KCNN1,5,"['Heart', 'Liver', 'Vessel', 'Lung', 'Intestine']"
ENSG00000167600,75.9183420413036,2.4856544559366123,4.221460363661336,CYP2S1,5,"['Heart', 'Colon', 'Vessel', 'Lung', 'Intestine']"
ENSG00000084628,14.2943660003383,3.350581477362926,4.2065101238082345,NKAIN1,5,"['Heart', 'Liver', 'Colon', 'Vessel', 'Intestine']"
ENSG00000167619,11.9934659409737,2.7932554051482237,4.138560393736688,TMEM145,5,"['Heart', 'Liver', 'Colon', 'Vessel', 'Lung']"
ENSG00000111452,57.6754661449104,4.676667780855231,4.12275889826986,ADGRD1,5,"['Heart', 'Colon', 'Vessel', 'Lung', 'Intestine']"
ENSG00000103056,18.2932847883838,3.137159915553096,4.054248603492608,SMPD3,5,"['Heart', 'Vessel', 'Lung', 'Kidney', 'Intestine']"
ENSG00000141837,97.6559021720091,2.4853597680406962,3.951256466824945,CACNA1A,5,"['Liver', 'Vessel', 'Lung', 'Kidney', 'Intestine']"
ENSG00000100678,18.2886590970174,3.03947324980457,3.9013075769158583,SLC8A3,5,"['Heart', 'Vessel', 'Lung', 'Kidney', 'Intestine']"
ENSG00000160593,76.9712315911937,4.036520296492521,3.8998809520379503,JAML,5,"['Heart', 'Colon', 'Vessel', 'Lung', 'Intestine']"
ENSG00000132681,17.7724805900122,4.482721312217678,3.6329746556466476,ATP1A4,5,"['Colon', 'Vessel', 'Lung', 'Kidney', 'Intestine']"
ENSG00000167654,24.4096299923656,3.6019030556453857,3.4925593901634135,ATCAY,5,"['Heart', 'Colon', 'Vessel', 'Lung', 'Intestine']"
ENSG00000118640,408.084191082528,2.147298884395184,3.2297675317437324,VAMP8,5,"['Heart', 'Colon', 'Vessel', 'Lung', 'Intestine']"
ENSG00000185737,108.965314272626,2.942951715609462,3.0608427219214884,NRG3,5,"['Heart', 'Colon', 'Vessel', 'Lung', 'Kidney']"
ENSG00000124215,13.3939505348062,2.2289202745539898,3.046904643630666,CDH26,5,"['Heart', 'Vessel', 'Lung', 'Kidney', 'Intestine']"
ENSG00000120903,3.67353333474971,3.3741907546556638,2.7723635388209233,CHRNA2,5,"['Heart', 'Vessel', 'Lung', 'Kidney', 'Intestine']"
ENSG00000095932,137.916512036546,3.68836293633018,2.7345977881469654,SMIM24,5,"['Heart', 'Colon', 'Vessel', 'Lung', 'Intestine']"
ENSG00000187474,32.2196352255108,3.7619920921191223,2.694914137007331,FPR3,5,"['Colon', 'Vessel', 'Lung', 'Kidney', 'Intestine']"
ENSG00000161944,63.5951741725206,3.4961125702811158,2.419672393923146,ASGR2,5,"['Heart', 'Colon', 'Vessel', 'Lung', 'Intestine']"
ENSG00000101542,31.9966818358389,2.479525964413444,2.339690021642162,CDH20,5,"['Liver', 'Colon', 'Vessel', 'Lung', 'Intestine']"
ENSG00000188910,6.7045608337263,2.713918007732814,2.326705944638504,GJB3,5,"['Heart', 'Liver', 'Vessel', 'Lung', 'Intestine']"
ENSG00000175356,70.8288021983028,1.9189073342327618,2.210334687769154,SCUBE2,5,"['Heart', 'Liver', 'Lung', 'Kidney', 'Intestine']"
ENSG00000026751,21.6804801265352,3.3655470484812957,2.1041883018925303,SLAMF7,5,"['Heart', 'Colon', 'Vessel', 'Lung', 'Intestine']"
ENSG00000151704,100.869541633871,2.622446681897462,1.9041016901630605,KCNJ1,5,"['Heart', 'Liver', 'Colon', 'Lung', 'Intestine']"
ENSG00000064270,17.8125066308097,1.85885629476313,1.8110916989892332,ATP2C2,5,"['Heart', 'Liver', 'Colon', 'Vessel', 'Intestine']"
ENSG00000160886,145.978408581796,1.793561753730978,1.6053892435127277,LY6K,5,"['Heart', 'Liver', 'Colon', 'Kidney', 'Intestine']"
ENSG00000162747,177.501737612721,17.69052352131796,13.13095107519311,FCGR3B,4,"['Colon', 'Vessel', 'Lung', 'Intestine']"
ENSG00000134460,3.82757520420872,15.663607668072832,12.066582166708518,IL2RA,4,"['Colon', 'Vessel', 'Lung', 'Intestine']"
ENSG00000164604,125.89938917468,3.13014378905486,8.090080249800433,GPR85,4,"['Vessel', 'Lung', 'Kidney', 'Intestine']"
ENSG00000121871,21.6827021378436,13.271688919378704,7.835887643888464,SLITRK3,4,"['Colon', 'Vessel', 'Lung', 'Intestine']"
ENSG00000181785,5.70709433535381,14.328487358657686,7.764227370039531,OR5AS1,4,"['Liver', 'Colon', 'Vessel', 'Intestine']"
ENSG00000110079,44.7107510314655,11.421940926378229,7.612251568183373,MS4A4A,4,"['Colon', 'Vessel', 'Lung', 'Intestine']"
ENSG00000167889,66.2759723522419,2.5400936872157276,7.281057210416465,MGAT5B,4,"['Heart', 'Vessel', 'Lung', 'Intestine']"
ENSG00000018236,143.225507570627,5.091596966753677,7.12351214869511,CNTN1,4,"['Heart', 'Vessel', 'Lung', 'Intestine']"
ENSG00000171049,20.6041190103607,9.900702220181353,7.064926574293815,FPR2,4,"['Colon', 'Vessel', 'Lung', 'Intestine']"
ENSG00000166428,98.6842748537084,6.835376194649214,6.7302601161141045,PLD4,4,"['Heart', 'Colon', 'Vessel', 'Intestine']"
ENSG00000135472,80.0325973801676,5.28016795113521,6.622903734814428,FAIM2,4,"['Heart', 'Vessel', 'Lung', 'Intestine']"
ENSG00000080854,76.0305764031957,4.373651589472145,6.616700875223496,IGSF9B,4,"['Liver', 'Vessel', 'Lung', 'Intestine']"
ENSG00000167613,161.798713611832,7.067108947272388,6.527293139192796,LAIR1,4,"['Colon', 'Vessel', 'Lung', 'Intestine']"
ENSG00000118777,894.891525706711,2.9644195941162876,6.425429615641147,ABCG2,4,"['Heart', 'Vessel', 'Lung', 'Intestine']"
ENSG00000120251,116.133156013533,6.772580804402033,6.3842119901187,GRIA2,4,"['Vessel', 'Lung', 'Kidney', 'Intestine']"
ENSG00000170419,24.43312155544,12.924774028155102,6.3370396872182635,VSTM2A,4,"['Colon', 'Vessel', 'Lung', 'Intestine']"
ENSG00000137463,261.896686632893,4.2332705606958605,6.3060177579139065,MGARP,4,"['Colon', 'Vessel', 'Kidney', 'Intestine']"
ENSG00000078081,636.886373618828,2.80696288118523,5.984509710358758,LAMP3,4,"['Heart', 'Liver', 'Lung', 'Kidney']"
ENSG00000105383,38.2844757316526,6.2658886126820565,5.894953437115397,CD33,4,"['Colon', 'Vessel', 'Lung', 'Intestine']"
ENSG00000169403,67.6505689997349,3.783234112062253,5.845427741205544,PTAFR,4,"['Heart', 'Colon', 'Vessel', 'Intestine']"
ENSG00000170439,85.1163535911788,5.3054064418919875,5.828679825229372,METTL7B,4,"['Heart', 'Vessel', 'Lung', 'Intestine']"
ENSG00000143195,44.9335256555983,5.5441064149709005,5.749884696208596,ILDR2,4,"['Colon', 'Vessel', 'Lung', 'Intestine']"
ENSG00000165071,52.7435520751718,2.656751252245715,5.716375539441502,TMEM71,4,"['Vessel', 'Lung', 'Kidney', 'Intestine']"
ENSG00000242574,126.213286135517,4.060610177574235,5.641922575177102,HLA-DMB,4,"['Heart', 'Vessel', 'Lung', 'Intestine']"
ENSG00000169248,56.9912678477694,3.457355271626355,5.552535317893198,CXCL11,4,"['Heart', 'Liver', 'Lung', 'Kidney']"
ENSG00000146477,42.2650679198022,5.15044420782869,5.547169652170274,SLC22A3,4,"['Heart', 'Colon', 'Vessel', 'Intestine']"
ENSG00000185818,168.457386994921,3.1583524006476402,5.436202587363825,NAT8L,4,"['Heart', 'Vessel', 'Lung', 'Intestine']"
ENSG00000166862,11.4608541276401,15.419746785800921,5.378302507831318,CACNG2,4,"['Liver', 'Colon', 'Vessel', 'Intestine']"
ENSG00000132164,57.1275096805931,6.46199047285488,5.251831888998057,SLC6A11,4,"['Heart', 'Vessel', 'Lung', 'Intestine']"
ENSG00000205045,36.6475580768759,3.3752325498303977,5.226531459536054,SLFN12L,4,"['Heart', 'Vessel', 'Lung', 'Intestine']"
ENSG00000142583,181.707954060585,5.153724141611875,5.222404967310116,SLC2A5,4,"['Colon', 'Vessel', 'Lung', 'Intestine']"
ENSG00000203985,5.55050527815525,16.241265708456424,5.1925100320568,LDLRAD1,4,"['Heart', 'Liver', 'Colon', 'Intestine']"
ENSG00000081138,22.3756701985103,7.939853149774041,5.132458050058295,CDH7,4,"['Heart', 'Colon', 'Vessel', 'Intestine']"
ENSG00000112414,2129.92428139265,2.08923316661653,5.013248483928448,ADGRG6,4,"['Heart', 'Vessel', 'Lung', 'Kidney']"
ENSG00000142512,50.5409589668296,5.18203289264115,4.993784024044613,SIGLEC10,4,"['Colon', 'Vessel', 'Lung', 'Intestine']"
ENSG00000185862,146.345807746755,2.6038734429462647,4.921035396791222,EVI2B,4,"['Colon', 'Vessel', 'Kidney', 'Intestine']"
ENSG00000168389,297.148880273033,3.062292995998555,4.888887233884706,MFSD2A,4,"['Heart', 'Colon', 'Vessel', 'Intestine']"
ENSG00000100867,94.6254944961735,3.8574108404573275,4.780740644681929,DHRS2,4,"['Heart', 'Colon', 'Vessel', 'Lung']"
ENSG00000150637,66.2123348758608,3.5728000092427075,4.701194302672675,CD226,4,"['Heart', 'Colon', 'Vessel', 'Lung']"
ENSG00000151952,17.0548877724831,5.325952950467068,4.6974509085837095,TMEM132D,4,"['Heart', 'Vessel', 'Lung', 'Intestine']"
ENSG00000153012,50.4468152648733,3.489809859058785,4.644256484377563,LGI2,4,"['Colon', 'Vessel', 'Lung', 'Intestine']"
ENSG00000177098,57.1683214059602,3.8105112554203098,4.64293447548496,SCN4B,4,"['Liver', 'Vessel', 'Lung', 'Intestine']"
ENSG00000206077,82.613669121236,2.6140692408655273,4.369720541444582,ZDHHC11B,4,"['Heart', 'Liver', 'Vessel', 'Intestine']"
ENSG00000008277,127.611773351498,2.28280602470972,4.256845153785717,ADAM22,4,"['Liver', 'Vessel', 'Lung', 'Intestine']"
ENSG00000075035,14.5625196599713,9.87797640658913,4.253451718191798,WSCD2,4,"['Colon', 'Vessel', 'Lung', 'Intestine']"
ENSG00000198822,51.3598039901702,3.43285233791776,4.185370877113525,GRM3,4,"['Vessel', 'Lung', 'Kidney', 'Intestine']"
ENSG00000177807,286.513200216485,4.265764369536463,4.133692727387777,KCNJ10,4,"['Heart', 'Vessel', 'Lung', 'Intestine']"
ENSG00000185885,668.523628936208,2.20782154584335,4.069557848331992,IFITM1,4,"['Heart', 'Liver', 'Vessel', 'Lung']"
ENSG00000197992,30.7155147283547,3.0439354466025925,4.0180030891037894,CLEC9A,4,"['Vessel', 'Lung', 'Kidney', 'Intestine']"
ENSG00000110446,223.384444590151,1.82867485970351,3.923263865308698,SLC15A3,4,"['Heart', 'Vessel', 'Lung', 'Kidney']"
ENSG00000146411,192.589733861692,2.5111193953032322,3.9164183626959863,SLC2A12,4,"['Heart', 'Liver', 'Lung', 'Kidney']"
ENSG00000161270,56.4597310072579,7.91309703984258,3.9022799264816124,NPHS1,4,"['Colon', 'Vessel', 'Lung', 'Intestine']"
ENSG00000115705,20.8326440551653,3.3966941460319577,3.8197389497861955,TPO,4,"['Liver', 'Lung', 'Kidney', 'Intestine']"
ENSG00000158473,19.3484482821293,4.005753230068715,3.735042244284454,CD1D,4,"['Colon', 'Vessel', 'Lung', 'Intestine']"
ENSG00000143297,21.5627842290894,9.328896289394683,3.642735126826163,FCRL5,4,"['Colon', 'Vessel', 'Lung', 'Intestine']"
ENSG00000187416,16.8041252937442,7.682534050285398,3.6147710317378428,LHFPL3,4,"['Heart', 'Colon', 'Vessel', 'Intestine']"
ENSG00000189068,4.63000793714282,3.42034045365983,3.5041286483835457,VSTM1,4,"['Heart', 'Vessel', 'Lung', 'Intestine']"
ENSG00000068078,310.818926349948,2.8888859811573724,3.502724354498884,FGFR3,4,"['Heart', 'Colon', 'Vessel', 'Intestine']"
ENSG00000178623,28.9454962633612,2.5522205090949326,3.415620637028182,GPR35,4,"['Heart', 'Vessel', 'Lung', 'Intestine']"
ENSG00000130433,72.0659107372448,2.3694830277663823,3.3787551878770206,CACNG6,4,"['Heart', 'Liver', 'Lung', 'Kidney']"
ENSG00000184922,191.914686419968,2.625599469735925,3.363813892893182,FMNL1,4,"['Heart', 'Colon', 'Vessel', 'Lung']"
ENSG00000204655,33.5487206722787,7.733215523883232,3.183288125278377,MOG,4,"['Colon', 'Vessel', 'Lung', 'Intestine']"
ENSG00000161929,18.9489635229006,3.1166403055720027,3.1683186192718145,SCIMP,4,"['Colon', 'Vessel', 'Lung', 'Intestine']"
ENSG00000099998,769.982773855755,1.5776433180021225,3.1561885617259815,GGT5,4,"['Heart', 'Lung', 'Kidney', 'Intestine']"
ENSG00000130208,146.445124927183,2.829503506607195,3.14555822305017,APOC1,4,"['Heart', 'Colon', 'Vessel', 'Lung']"
ENSG00000152315,10.8875850540639,4.2725509732355675,3.070645218288679,KCNK13,4,"['Colon', 'Vessel', 'Lung', 'Intestine']"
ENSG00000182183,4.58569799241625,3.3904453398335326,3.0506357700304605,SHISAL2A,4,"['Heart', 'Vessel', 'Lung', 'Intestine']"
ENSG00000170382,52.0724469055838,3.5526521747897575,3.038865130242001,LRRN2,4,"['Colon', 'Vessel', 'Lung', 'Intestine']"
ENSG00000095303,1239.51209571152,2.36242095476824,3.03136303344672,PTGS1,4,"['Colon', 'Lung', 'Kidney', 'Intestine']"
ENSG00000132874,9.34240375990482,3.8701250876862305,3.0069394174726893,SLC14A2,4,"['Colon', 'Vessel', 'Lung', 'Intestine']"
ENSG00000145416,142.961557218643,1.6472134168260575,2.9670480139385855,MARCHF1,4,"['Vessel', 'Lung', 'Kidney', 'Intestine']"
ENSG00000183960,16.1446713675099,3.4928813381125825,2.946708512760671,KCNH8,4,"['Heart', 'Vessel', 'Lung', 'Intestine']"
ENSG00000162728,34.1343728988655,3.9992786035249273,2.9339987484636927,KCNJ9,4,"['Heart', 'Liver', 'Vessel', 'Intestine']"
ENSG00000134955,82.6305040240646,1.6818968398143102,2.918518917925438,SLC37A2,4,"['Heart', 'Colon', 'Vessel', 'Lung']"
ENSG00000101489,49.2533469278095,2.8597669182374448,2.876089445041921,CELF4,4,"['Heart', 'Vessel', 'Lung', 'Intestine']"
ENSG00000112053,12.5107187111292,1.9797843211898674,2.753979027237042,SLC26A8,4,"['Vessel', 'Lung', 'Kidney', 'Intestine']"
ENSG00000196296,23.0796152844924,1.6261380778816075,2.7376395943949103,ATP2A1,4,"['Heart', 'Liver', 'Lung', 'Kidney']"
ENSG00000162877,14.6581656519139,2.4513532645692226,2.7235554607228902,PM20D1,4,"['Heart', 'Vessel', 'Lung', 'Intestine']"
ENSG00000169495,4.66245229425726,3.1856120016232925,2.6896522631520905,HTRA4,4,"['Heart', 'Colon', 'Lung', 'Kidney']"
ENSG00000179913,16.1962738208762,3.4052126289892573,2.66013372889225,B3GNT3,4,"['Heart', 'Colon', 'Vessel', 'Lung']"
ENSG00000095970,55.3512693715321,4.6840793550502,2.5373908789828166,TREM2,4,"['Colon', 'Vessel', 'Lung', 'Intestine']"
ENSG00000188037,4.38801061675115,2.3022836384686474,2.424940487040353,CLCN1,4,"['Vessel', 'Lung', 'Kidney', 'Intestine']"
ENSG00000183423,6.46432643680676,2.462049012109895,2.3719108295780744,LRIT3,4,"['Heart', 'Vessel', 'Lung', 'Intestine']"
ENSG00000183317,11.1983417761007,2.447734262116038,2.367520772304489,EPHA10,4,"['Heart', 'Vessel', 'Lung', 'Intestine']"
ENSG00000226887,22.7971823917114,2.2207411611111625,2.33398003208673,ERVMER34-1,4,"['Heart', 'Vessel', 'Lung', 'Intestine']"
ENSG00000108932,82.116472051512,1.4200269635115024,2.273436144902901,SLC16A6,4,"['Heart', 'Vessel', 'Lung', 'Kidney']"
ENSG00000171631,44.3270882520632,2.0859793069177273,2.148860294303576,P2RY6,4,"['Colon', 'Vessel', 'Lung', 'Intestine']"
ENSG00000150625,247.306471720216,3.1178338269968027,2.11949763339821,GPM6A,4,"['Heart', 'Colon', 'Vessel', 'Lung']"
ENSG00000170956,15.1500868087976,2.823843886502212,2.1131060324606947,CEACAM3,4,"['Colon', 'Vessel', 'Lung', 'Kidney']"
ENSG00000221836,4.90743170787816,3.3129620326535725,1.998570431799371,OR2A5,4,"['Colon', 'Vessel', 'Lung', 'Kidney']"
ENSG00000124882,244.141739883605,2.26583043866169,1.9953667360664085,EREG,4,"['Heart', 'Vessel', 'Lung', 'Intestine']"
ENSG00000198643,6.09781616248961,1.9471789374592523,1.965323562869759,FAM3D,4,"['Heart', 'Vessel', 'Kidney', 'Intestine']"
ENSG00000146839,6.71746355609668,3.1500396252409573,1.945078008834236,ZAN,4,"['Colon', 'Vessel', 'Lung', 'Intestine']"
ENSG00000151715,34.6071292950916,2.1639183993151225,1.908740189873427,TMEM45B,4,"['Heart', 'Liver', 'Colon', 'Lung']"
ENSG00000143858,11.5105756200632,1.86382356173797,1.8598896764672552,SYT2,4,"['Liver', 'Vessel', 'Lung', 'Intestine']"
ENSG00000139626,14.1946862724404,2.58268157991228,1.7457986154837029,ITGB7,4,"['Colon', 'Vessel', 'Lung', 'Intestine']"
ENSG00000146904,43.7085754842568,1.06654447676445,1.6795448452897688,EPHA1,4,"['Heart', 'Vessel', 'Lung', 'Intestine']"
ENSG00000101425,8.8677596413987,20.801219778931536,30.054529490976844,BPI,3,"['Colon', 'Vessel', 'Intestine']"
ENSG00000162753,11.6823900497523,12.718630868520327,27.68247049636165,SLC9C2,3,"['Vessel', 'Lung', 'Intestine']"
ENSG00000082556,2.38023116411944,18.575326415275857,22.861675674510042,OPRK1,3,"['Colon', 'Vessel', 'Intestine']"
ENSG00000007062,190.913656009678,11.01686791801203,21.529823364335115,PROM1,3,"['Vessel', 'Lung', 'Intestine']"
ENSG00000165125,24.098897876704,18.192345792215672,20.476021850894398,TRPV6,3,"['Colon', 'Vessel', 'Intestine']"
ENSG00000152092,127.638769583968,12.52502368088363,19.597484131396985,ASTN1,3,"['Vessel', 'Lung', 'Intestine']"
ENSG00000109956,57.443848794458,10.005042204772243,18.303132251264422,B3GAT1,3,"['Vessel', 'Lung', 'Intestine']"
ENSG00000168079,15.9978946615167,17.2579694902433,17.732157192184015,SCARA5,3,"['Colon', 'Vessel', 'Intestine']"
ENSG00000018625,2695.36925893539,11.702921557732973,17.027739537052597,ATP1A2,3,"['Vessel', 'Lung', 'Intestine']"
ENSG00000168539,6.19273459150687,17.96778375575038,16.2084447911832,CHRM1,3,"['Colon', 'Vessel', 'Intestine']"
ENSG00000014257,39.7886002728079,10.2806407375462,15.367510112047187,ACP3,3,"['Colon', 'Vessel', 'Intestine']"
ENSG00000146039,12.3009863927629,18.283626963143917,15.153637365300552,SLC17A4,3,"['Colon', 'Vessel', 'Lung']"
ENSG00000175489,28.3345281059333,10.233859365554753,14.998744015831967,LRRC25,3,"['Colon', 'Vessel', 'Intestine']"
ENSG00000179639,6.32155325136631,16.85391925536972,14.693534932375178,FCER1A,3,"['Colon', 'Vessel', 'Intestine']"
ENSG00000132671,5.67780170982882,17.522237775000047,13.936693107673525,SSTR4,3,"['Colon', 'Vessel', 'Intestine']"
ENSG00000177272,34.365126103931,16.875708361764378,13.441558779235782,KCNA3,3,"['Colon', 'Vessel', 'Intestine']"
ENSG00000117091,19.3390822825695,19.754979216835697,12.347026871549387,CD48,3,"['Colon', 'Vessel', 'Intestine']"
ENSG00000223609,15.4604164183841,15.067648269695999,10.232454749722377,HBD,3,"['Colon', 'Vessel', 'Intestine']"
ENSG00000042980,163.638792133135,5.080055687239409,9.892452771084399,ADAM28,3,"['Vessel', 'Lung', 'Intestine']"
ENSG00000163736,50.8774036806702,16.38004915344514,9.81931359553757,PPBP,3,"['Colon', 'Vessel', 'Intestine']"
ENSG00000165323,129.664433061339,6.18830026461503,9.694909407242388,FAT3,3,"['Heart', 'Vessel', 'Intestine']"
ENSG00000170927,90.7803549103414,16.668493714516412,9.052796092013264,PKHD1,3,"['Colon', 'Vessel', 'Intestine']"
ENSG00000174130,122.917481063433,2.1931349803901132,7.809865217180061,TLR6,3,"['Heart', 'Vessel', 'Intestine']"
ENSG00000163534,16.6378000266326,17.120223828346244,7.638323234706296,FCRL1,3,"['Colon', 'Vessel', 'Intestine']"
ENSG00000166091,21.6329582223963,16.139093379382825,7.614944191828212,CMTM5,3,"['Colon', 'Vessel', 'Intestine']"
ENSG00000116824,5.49922844268118,17.9764092741208,7.503227218397083,CD2,3,"['Colon', 'Vessel', 'Intestine']"
ENSG00000106123,95.2881313992675,4.483212016394524,7.342904815647857,EPHB6,3,"['Colon', 'Vessel', 'Intestine']"
ENSG00000151320,143.573621486393,3.603825252874067,7.277930763908103,AKAP6,3,"['Vessel', 'Lung', 'Intestine']"
ENSG00000006283,24.1620099258214,10.442426994098483,7.213631955798412,CACNA1G,3,"['Colon', 'Vessel', 'Intestine']"
ENSG00000165548,20.1485977887918,5.618734865767959,7.180457940850611,TMEM63C,3,"['Vessel', 'Lung', 'Intestine']"
ENSG00000141338,415.218874858777,4.582446391629367,7.098465652892874,ABCA8,3,"['Colon', 'Kidney', 'Intestine']"
ENSG00000163873,26.9805757927864,12.978424407426738,7.047780280823498,GRIK3,3,"['Colon', 'Vessel', 'Intestine']"
ENSG00000126860,65.3759563531558,2.937648775639667,6.71600128653431,EVI2A,3,"['Vessel', 'Kidney', 'Intestine']"
ENSG00000187037,5.7215850040932,11.503821387917206,6.705776399231095,GPR141,3,"['Colon', 'Vessel', 'Intestine']"
ENSG00000157087,91.8978140662949,5.383323252626816,6.57282531102214,ATP2B2,3,"['Vessel', 'Lung', 'Intestine']"
ENSG00000170571,180.612160054495,4.731658328392847,6.557724921025094,EMB,3,"['Colon', 'Vessel', 'Intestine']"
ENSG00000124780,5.8092178779094,16.54371042719219,6.521621172286427,KCNK17,3,"['Colon', 'Vessel', 'Intestine']"
ENSG00000158457,132.595582190217,3.881320182277063,6.384130417484909,TSPAN33,3,"['Colon', 'Vessel', 'Intestine']"
ENSG00000158955,15.3451531801801,10.694371199461267,6.37399001349409,WNT9B,3,"['Colon', 'Vessel', 'Intestine']"
ENSG00000125498,3.49051751452493,15.93005752691685,6.342207778093086,KIR2DL1,3,"['Colon', 'Vessel', 'Intestine']"
ENSG00000171502,68.6800300478485,4.519234863642403,6.314276370404805,COL24A1,3,"['Colon', 'Vessel', 'Intestine']"
ENSG00000185942,103.907486364798,4.424129821156193,6.306245480732006,NKAIN3,3,"['Vessel', 'Lung', 'Intestine']"
ENSG00000149294,218.309548959257,4.30860411165222,6.295830366387939,NCAM1,3,"['Vessel', 'Lung', 'Intestine']"
ENSG00000163519,2.70054964459458,17.52438814767925,6.049879624013049,TRAT1,3,"['Colon', 'Vessel', 'Intestine']"
ENSG00000164796,18.0100250856061,3.89536421706136,5.946557032966383,CSMD3,3,"['Vessel', 'Lung', 'Intestine']"
ENSG00000203710,125.396219436338,11.86426813485145,5.850137900908545,CR1,3,"['Colon', 'Vessel', 'Intestine']"
ENSG00000182272,127.695329190467,3.0301503167807464,5.830537501581105,B4GALNT4,3,"['Heart', 'Vessel', 'Intestine']"
ENSG00000154080,13.0890969375928,11.394849616990248,5.822660556681426,CHST9,3,"['Colon', 'Vessel', 'Intestine']"
ENSG00000105711,336.638009275941,2.21509543256837,5.611303977174429,SCN1B,3,"['Heart', 'Liver', 'Colon']"
ENSG00000151834,59.0203599439566,5.037590619494904,5.582963242061695,GABRA2,3,"['Vessel', 'Lung', 'Intestine']"
ENSG00000196660,71.4783411680634,6.322852264779759,5.527327438484993,SLC30A10,3,"['Vessel', 'Lung', 'Intestine']"
ENSG00000078549,81.8754269804019,4.36699649665933,5.32636530451631,ADCYAP1R1,3,"['Vessel', 'Kidney', 'Intestine']"
ENSG00000117394,2155.30329208769,2.103471207823927,5.317276826518028,SLC2A1,3,"['Heart', 'Vessel', 'Intestine']"
ENSG00000155893,134.73720139409,2.34361639821681,5.310446152406184,PXYLP1,3,"['Heart', 'Vessel', 'Intestine']"
ENSG00000243772,2.34031856431094,14.707281889456771,5.266815439623769,KIR2DL3,3,"['Colon', 'Vessel', 'Intestine']"
ENSG00000151490,82.8930689560382,4.33597250122713,5.109623377076955,PTPRO,3,"['Vessel', 'Lung', 'Intestine']"
ENSG00000105699,309.389877659733,3.2287772279769364,5.003487901742468,LSR,3,"['Colon', 'Vessel', 'Intestine']"
ENSG00000186431,22.0207804374699,4.91493159967984,4.947549369499952,FCAR,3,"['Heart', 'Vessel', 'Intestine']"
ENSG00000198829,29.9980374680613,4.223157680171367,4.922124390292322,SUCNR1,3,"['Vessel', 'Lung', 'Intestine']"
ENSG00000169894,55.4358566805638,5.35754413821748,4.862648194883016,MUC3A,3,"['Colon', 'Vessel', 'Lung']"
ENSG00000167614,101.174653387025,3.33073204629863,4.860684471377696,TTYH1,3,"['Vessel', 'Lung', 'Intestine']"
ENSG00000161649,39.7485354773083,10.200097762604207,4.840628179880313,CD300LG,3,"['Colon', 'Vessel', 'Intestine']"
ENSG00000110195,47.66752151046,11.259651201331117,4.788049607925779,FOLR1,3,"['Heart', 'Colon', 'Intestine']"
ENSG00000152910,9.07819132461888,14.741457060276716,4.747534994508328,CNTNAP4,3,"['Colon', 'Vessel', 'Intestine']"
ENSG00000085563,927.426772255821,2.7879049255366937,4.7160178873473715,ABCB1,3,"['Heart', 'Vessel', 'Lung']"
ENSG00000171310,600.95975602193,1.3920561051165568,4.70639550928174,CHST11,3,"['Vessel', 'Lung', 'Intestine']"
ENSG00000143469,105.798607031718,2.7266049351672237,4.6634289603755255,SYT14,3,"['Vessel', 'Lung', 'Intestine']"
ENSG00000136040,126.444180984488,2.944228620424623,4.3386149456601695,PLXNC1,3,"['Colon', 'Vessel', 'Intestine']"
ENSG00000178233,32.9308697373836,4.0403083128592865,4.332768036966836,TMEM151B,3,"['Vessel', 'Lung', 'Intestine']"
ENSG00000177455,18.4978280196331,8.10511258693279,4.326019022585492,CD19,3,"['Colon', 'Vessel', 'Intestine']"
ENSG00000100626,48.3179955606893,2.6405199967407498,4.323961993586539,GALNT16,3,"['Vessel', 'Lung', 'Intestine']"
ENSG00000196376,31.1919622580854,4.166049481861593,4.295045688567298,SLC35F1,3,"['Vessel', 'Lung', 'Intestine']"
ENSG00000010379,157.583366150268,3.9701736131189436,4.270587407412282,SLC6A13,3,"['Vessel', 'Lung', 'Intestine']"
ENSG00000029534,252.133644360676,2.864590046830697,4.154650457694224,ANK1,3,"['Colon', 'Vessel', 'Intestine']"
ENSG00000179520,13.3826474181746,11.879424056145673,4.1409889086458875,SLC17A8,3,"['Colon', 'Vessel', 'Intestine']"
ENSG00000184985,56.7174738360069,3.013725394070317,4.087290285535487,SORCS2,3,"['Heart', 'Vessel', 'Intestine']"
ENSG00000134121,124.159678852148,5.175313029386946,4.022865253259959,CHL1,3,"['Heart', 'Vessel', 'Intestine']"
ENSG00000105696,43.9573655107681,2.586912033832363,3.939002006821521,TMEM59L,3,"['Heart', 'Vessel', 'Intestine']"
ENSG00000163630,16.8792554502378,13.810750846992436,3.933558511641928,SYNPR,3,"['Colon', 'Lung', 'Intestine']"
ENSG00000197891,272.186236681042,10.942723027504817,3.8771986866457553,SLC22A12,3,"['Colon', 'Vessel', 'Intestine']"
ENSG00000183908,164.379634357405,4.234451739198383,3.874427725050603,LRRC55,3,"['Vessel', 'Lung', 'Intestine']"
ENSG00000168350,33.7408863096622,2.898332632830133,3.8336450976071297,DEGS2,3,"['Vessel', 'Lung', 'Intestine']"
ENSG00000130303,1442.25816420916,2.758417022131273,3.817693435488034,BST2,3,"['Heart', 'Lung', 'Kidney']"
ENSG00000184185,52.2403200069793,3.419106987108077,3.807422701702674,KCNJ12,3,"['Colon', 'Vessel', 'Intestine']"
ENSG00000165478,43.485415919565,4.228203648954917,3.7844909730524137,HEPACAM,3,"['Vessel', 'Lung', 'Intestine']"
ENSG00000105366,52.5583066410462,5.806274672996397,3.780808078429665,SIGLEC8,3,"['Vessel', 'Lung', 'Intestine']"
ENSG00000118160,16.2659694835254,3.6773261148181002,3.759512380220714,SLC8A2,3,"['Vessel', 'Lung', 'Intestine']"
ENSG00000076641,296.136304803492,2.7053514426827334,3.7513638394806796,PAG1,3,"['Heart', 'Vessel', 'Intestine']"
ENSG00000182107,51.1652955666083,2.58325473652848,3.6787098764772854,TMEM30B,3,"['Heart', 'Vessel', 'Intestine']"
ENSG00000196581,81.3149819751181,4.032269162130473,3.5493642707064494,AJAP1,3,"['Vessel', 'Lung', 'Intestine']"
ENSG00000129159,14.0262124932299,3.045560051138034,3.537977189381259,KCNC1,3,"['Vessel', 'Lung', 'Intestine']"
ENSG00000158220,31.3666898693182,3.2138912204494265,3.5102600171085805,ESYT3,3,"['Liver', 'Vessel', 'Intestine']"
ENSG00000261115,121.568961102333,2.855182861957404,3.456421004266369,TMEM178B,3,"['Heart', 'Vessel', 'Intestine']"
ENSG00000139044,64.8282768312107,3.1124351168350466,3.384246241166112,B4GALNT3,3,"['Vessel', 'Lung', 'Intestine']"
ENSG00000140678,149.737438151529,3.018683260952983,3.3189794656397766,ITGAX,3,"['Colon', 'Vessel', 'Intestine']"
ENSG00000134539,35.7742754276016,2.67931887903392,3.315763775662129,KLRD1,3,"['Vessel', 'Lung', 'Intestine']"
ENSG00000258986,4.85666572402157,3.105613556664723,3.3059833976778727,TMEM179,3,"['Vessel', 'Lung', 'Intestine']"
ENSG00000185245,54.2022493245953,2.104114443402437,3.290488539267635,GP1BA,3,"['Vessel', 'Lung', 'Intestine']"
ENSG00000127515,1.53585970316571,15.65187803025614,3.217076023322018,OR7A10,3,"['Liver', 'Vessel', 'Intestine']"
ENSG00000105374,21.9268654212399,4.61606235088649,3.1821792794448913,NKG7,3,"['Colon', 'Vessel', 'Intestine']"
ENSG00000159618,23.7018463239182,4.832914645495493,3.12094292512348,ADGRG5,3,"['Colon', 'Vessel', 'Intestine']"
ENSG00000143199,9.04820802238947,2.56648700365849,3.1033121140498827,ADCY10,3,"['Vessel', 'Lung', 'Intestine']"
ENSG00000005471,38.0350946675658,2.3986372269184466,3.1024948263992815,ABCB4,3,"['Vessel', 'Lung', 'Intestine']"
ENSG00000167281,41.9375321437354,2.6231120972913264,3.0862973731347374,RBFOX3,3,"['Vessel', 'Lung', 'Intestine']"
ENSG00000165959,332.92322945619,1.5988769029439533,3.0703012250328263,CLMN,3,"['Vessel', 'Lung', 'Intestine']"
ENSG00000176485,986.026897745939,1.9712800920223135,2.9993893822418527,PLAAT3,3,"['Liver', 'Colon', 'Lung']"
ENSG00000198515,12.0410820475135,2.8995002363287665,2.980837894128726,CNGA1,3,"['Vessel', 'Lung', 'Intestine']"
ENSG00000124493,11.669775098657,3.396908030179367,2.972599456636775,GRM4,3,"['Heart', 'Vessel', 'Intestine']"
ENSG00000143552,21.7170532249109,2.37046350500243,2.918899714765338,NUP210L,3,"['Vessel', 'Lung', 'Intestine']"
ENSG00000196242,5.27480002991394,3.74351581437697,2.8801088523865253,OR2C3,3,"['Vessel', 'Lung', 'Intestine']"
ENSG00000075429,27.4525167650233,3.414311310423747,2.80218745265174,CACNG5,3,"['Vessel', 'Lung', 'Intestine']"
ENSG00000182324,18.6698476247795,1.5282975387524234,2.788274587437863,KCNJ14,3,"['Heart', 'Lung', 'Intestine']"
ENSG00000160951,20.8199372513211,3.51722372539504,2.779257939901536,PTGER1,3,"['Heart', 'Colon', 'Intestine']"
ENSG00000125910,21.3206770701406,2.8574840081610966,2.7161907250043194,S1PR4,3,"['Heart', 'Colon', 'Intestine']"
ENSG00000174125,124.628451639438,1.9766038680827969,2.710791670211389,TLR1,3,"['Colon', 'Kidney', 'Intestine']"
ENSG00000140030,33.1995286423961,3.6269825089568464,2.675919847836886,GPR65,3,"['Heart', 'Colon', 'Intestine']"
ENSG00000204161,119.089420149691,1.979423367366613,2.6470089240951267,TMEM273,3,"['Vessel', 'Lung', 'Kidney']"
ENSG00000166257,246.597939037291,2.2509531406820336,2.644826692379407,SCN3B,3,"['Liver', 'Lung', 'Kidney']"
ENSG00000129450,35.3710354759411,4.163019765120629,2.6301512679306662,SIGLEC9,3,"['Colon', 'Vessel', 'Lung']"
ENSG00000099365,65.760868620477,1.7623493112482134,2.5959942877618922,STX1B,3,"['Heart', 'Vessel', 'Lung']"
ENSG00000237515,56.3076865403879,2.9974517344389535,2.59323281212545,SHISA9,3,"['Heart', 'Vessel', 'Intestine']"
ENSG00000101187,385.756491512576,2.23488498280211,2.582398845915041,SLCO4A1,3,"['Colon', 'Vessel', 'Lung']"
ENSG00000106128,4.96272465648646,3.1300319665389735,2.5800261376987885,GHRHR,3,"['Colon', 'Vessel', 'Lung']"
ENSG00000149418,127.125575160786,4.0643847744613595,2.523628747795146,ST14,3,"['Colon', 'Vessel', 'Intestine']"
ENSG00000118004,50.9256846168519,3.4270734354154198,2.5160183340957425,COLEC11,3,"['Colon', 'Vessel', 'Lung']"
ENSG00000214212,21.9053653023756,3.7269062833258935,2.471839090062406,C19orf38,3,"['Colon', 'Vessel', 'Intestine']"
ENSG00000169427,6.97846185229432,2.853177699574987,2.439889133945107,KCNK9,3,"['Heart', 'Vessel', 'Lung']"
ENSG00000055957,276.766078868232,4.04047530682038,2.434684028910164,ITIH1,3,"['Vessel', 'Lung', 'Intestine']"
ENSG00000213937,3.65347698099634,2.9830964993252933,2.41956446959941,CLDN9,3,"['Heart', 'Vessel', 'Intestine']"
ENSG00000109163,18.0519759758685,1.988881597969267,2.3827775170697554,GNRHR,3,"['Vessel', 'Lung', 'Intestine']"
ENSG00000117598,3.06820919811525,2.8366285483236098,2.369824382154927,PLPPR5,3,"['Heart', 'Vessel', 'Intestine']"
ENSG00000133321,141.190797551824,1.5262304860084364,2.3673906807251055,PLAAT4,3,"['Heart', 'Vessel', 'Lung']"
ENSG00000184785,114.445899549345,1.5721438631982034,2.297954467246552,SMIM10,3,"['Colon', 'Vessel', 'Intestine']"
ENSG00000124249,6.49265683820947,2.9970215385687866,2.2573323829780794,KCNK15,3,"['Heart', 'Lung', 'Intestine']"
ENSG00000131398,86.2646893190301,1.9241765477148733,2.235995335914508,KCNC3,3,"['Heart', 'Vessel', 'Lung']"
ENSG00000153233,55.4330808771992,1.6455962527105903,2.220591676988916,PTPRR,3,"['Liver', 'Vessel', 'Lung']"
ENSG00000082684,105.989260028928,3.4331169029761135,2.211624332144885,SEMA5B,3,"['Colon', 'Vessel', 'Intestine']"
ENSG00000166676,17.7071765518429,1.4408868447617733,2.1847697899343257,TVP23A,3,"['Vessel', 'Lung', 'Intestine']"
ENSG00000266964,4.41497368235642,3.0911984206874927,2.162194689551816,FXYD1,3,"['Vessel', 'Lung', 'Intestine']"
ENSG00000170615,6.79447194411704,3.8089963550381505,2.1420197356927795,SLC26A5,3,"['Colon', 'Lung', 'Kidney']"
ENSG00000186439,11.8976491451499,3.115506369583597,2.1360603324773506,TRDN,3,"['Vessel', 'Lung', 'Intestine']"
ENSG00000134020,6.12279682799583,2.6438692964576362,2.127954046912746,PEBP4,3,"['Vessel', 'Lung', 'Intestine']"
ENSG00000114771,43.5549969443201,1.9987434075229034,2.1199204026950187,AADAC,3,"['Vessel', 'Lung', 'Kidney']"
ENSG00000140015,8.7562408135769,3.17361643523343,2.1106933528497254,KCNH5,3,"['Vessel', 'Lung', 'Intestine']"
ENSG00000130037,28.3766327709555,3.9642394809722497,2.108099165282607,KCNA5,3,"['Colon', 'Vessel', 'Intestine']"
ENSG00000221858,4.69424373104571,3.12280168016864,2.0723494809943817,OR2A12,3,"['Vessel', 'Lung', 'Intestine']"
ENSG00000169245,40.9320816355684,2.05674073732406,2.036857556353691,CXCL10,3,"['Vessel', 'Lung', 'Kidney']"
ENSG00000186723,3.70103345608149,2.47987973222282,1.9536486225642387,OR10H1,3,"['Vessel', 'Lung', 'Intestine']"
ENSG00000080166,6.78861089788336,2.961368764045307,1.947362446692442,DCT,3,"['Vessel', 'Lung', 'Intestine']"
ENSG00000153292,65.0557261123507,2.4156529977093935,1.9427426349476098,ADGRF1,3,"['Vessel', 'Lung', 'Intestine']"
ENSG00000151812,3.98359995488385,2.4175844764662866,1.9285833574914932,SLC35F4,3,"['Vessel', 'Lung', 'Intestine']"
ENSG00000213853,784.156184239767,1.7811266794740732,1.9225270534874113,EMP2,3,"['Heart', 'Liver', 'Colon']"
ENSG00000271079,45.107483658,1.3266617441789033,1.9194091787317087,CTAGE15,3,"['Heart', 'Vessel', 'Intestine']"
ENSG00000197177,6.58318810616911,3.0846162689018066,1.8771826386202768,ADGRA1,3,"['Vessel', 'Lung', 'Intestine']"
ENSG00000198049,7.755850553762,3.0460120044560033,1.8734426095696268,AVPR1B,3,"['Vessel', 'Lung', 'Intestine']"
ENSG00000147434,4.38736648802244,2.105299260915343,1.87301518128501,CHRNA6,3,"['Vessel', 'Lung', 'Kidney']"
ENSG00000142408,352.671007670629,1.5840492327917133,1.8336745743156533,CACNG8,3,"['Liver', 'Kidney', 'Intestine']"
ENSG00000105352,3.72208956290004,2.41060677507063,1.8054529204041259,CEACAM4,3,"['Heart', 'Vessel', 'Lung']"
ENSG00000284733,6.94737492324485,2.1358853184361632,1.7788355432494996,OR4F29,3,"['Heart', 'Lung', 'Kidney']"
ENSG00000175294,17.7637679487392,1.4220376121969498,1.751236157455691,CATSPER1,3,"['Heart', 'Liver', 'Lung']"
ENSG00000110975,4.06765932192473,2.76942598771279,1.743068633205752,SYT10,3,"['Vessel', 'Lung', 'Intestine']"
ENSG00000196666,2.80878256283401,2.225548089503603,1.658319419436113,FAM180B,3,"['Lung', 'Kidney', 'Intestine']"
ENSG00000182885,38.460709415097,3.0048251589695165,1.624888384711868,ADGRG3,3,"['Heart', 'Colon', 'Lung']"
ENSG00000121594,2.78685528174733,1.939127676130737,1.5761328885667274,CD80,3,"['Vessel', 'Lung', 'Kidney']"
ENSG00000180616,53.9446723697623,1.8664764744871334,1.4528984982391375,SSTR2,3,"['Colon', 'Vessel', 'Lung']"
ENSG00000175928,28.6305751060978,20.249617390865527,60.6332678249215,LRRN1,2,"['Vessel', 'Intestine']"
ENSG00000187747,2.2264798935126,28.7404263614098,39.045426752831276,OR52B6,2,"['Liver', 'Intestine']"
ENSG00000139292,26.1686160176937,24.92646129106535,33.81992462831901,LGR5,2,"['Colon', 'Intestine']"
ENSG00000166342,18.5555128261713,13.566349754146515,28.228589746243777,NETO1,2,"['Vessel', 'Intestine']"
ENSG00000173610,3.68478821017677,22.71120539944885,26.009910640554047,UGT2A1,2,"['Liver', 'Colon']"
ENSG00000160856,8.49912216244047,26.271045453396702,25.022524267570823,FCRL3,2,"['Colon', 'Intestine']"
ENSG00000152954,29.7613192325276,12.635378733725805,18.613549025008645,NRSN1,2,"['Heart', 'Vessel']"
ENSG00000167664,6.69819214689586,14.532755957968705,17.972666809399445,TMIGD2,2,"['Vessel', 'Intestine']"
ENSG00000094661,3.37813657706623,18.04316654889015,14.398149162941493,OR1I1,2,"['Liver', 'Colon']"
ENSG00000182255,5.29961630444517,14.05763738283537,13.943328835051613,KCNA4,2,"['Vessel', 'Intestine']"
ENSG00000121853,4.42751472974494,22.676130368958802,13.633740336520857,GHSR,2,"['Colon', 'Intestine']"
ENSG00000104290,120.360886783479,4.27305479588385,13.075914256461804,FZD3,2,"['Vessel', 'Intestine']"
ENSG00000110077,235.91311735431,8.46122674932435,12.609753308879707,MS4A6A,2,"['Vessel', 'Intestine']"
ENSG00000138061,368.835006303336,6.7627247201355,11.953967796715574,CYP1B1,2,"['Vessel', 'Intestine']"
ENSG00000187048,486.26854383829,11.373870579222231,11.448405488579704,CYP4A11,2,"['Vessel', 'Intestine']"
ENSG00000185559,201.18828170594,13.59640828321494,11.240351749897908,DLK1,2,"['Vessel', 'Intestine']"
ENSG00000120457,54.6818609679611,6.90930926147171,10.827666450949064,KCNJ5,2,"['Vessel', 'Intestine']"
ENSG00000138741,26.6662151386767,6.472749068710175,10.04580742305222,TRPC3,2,"['Vessel', 'Intestine']"
ENSG00000169413,49.999652084385,5.62496055995006,10.015432971337873,RNASE6,2,"['Vessel', 'Intestine']"
ENSG00000173391,134.065923004676,6.90586129020854,9.973587817321434,OLR1,2,"['Vessel', 'Intestine']"
ENSG00000185565,164.38959578184,7.606467510525929,9.884765453804256,LSAMP,2,"['Vessel', 'Intestine']"
ENSG00000169550,8.06552643855372,20.6626402339814,9.380686557055137,MUC15,2,"['Colon', 'Intestine']"
ENSG00000044524,102.43877880254,8.097651328251331,9.16708977597618,EPHA3,2,"['Vessel', 'Intestine']"
ENSG00000104381,150.584665825717,2.428506099418725,9.129631716939471,GDAP1,2,"['Vessel', 'Intestine']"
ENSG00000105605,43.6374460402157,4.98601650850315,9.042077467856199,CACNG7,2,"['Vessel', 'Intestine']"
ENSG00000174599,42.8320464008728,4.13248438053247,9.00127134746737,TRAM1L1,2,"['Vessel', 'Intestine']"
ENSG00000187955,253.550877653669,6.557625409124645,8.697082063921233,COL14A1,2,"['Vessel', 'Intestine']"
ENSG00000105894,326.847114869512,6.617730966071541,8.270309916372637,PTN,2,"['Vessel', 'Intestine']"
ENSG00000145103,15.7037511274967,15.67562431413873,8.18045031285035,ILDR1,2,"['Colon', 'Vessel']"
ENSG00000135749,203.572262508616,2.451694095034375,7.8855213938664095,PCNX2,2,"['Vessel', 'Intestine']"
ENSG00000196557,96.0906318108641,5.44991498155175,7.619618612716879,CACNA1H,2,"['Vessel', 'Intestine']"
ENSG00000111058,131.086284492419,4.90412018450857,7.407969062281694,ACSS3,2,"['Vessel', 'Intestine']"
ENSG00000150394,29.7318683801924,6.750101892584976,7.399152431460411,CDH8,2,"['Vessel', 'Intestine']"
ENSG00000112195,12.5406199974682,19.3113654633514,7.319378140622623,TREML2,2,"['Colon', 'Vessel']"
ENSG00000185742,11.5418302844383,7.045999379048075,7.074676545757374,C11orf87,2,"['Vessel', 'Intestine']"
ENSG00000177511,42.2412560121032,16.95520518901865,7.0584370239912655,ST8SIA3,2,"['Colon', 'Vessel']"
ENSG00000162733,2538.99138035391,2.664874094578005,7.054480305679821,DDR2,2,"['Kidney', 'Intestine']"
ENSG00000197977,62.8679350570589,6.25485086716329,7.017547167537378,ELOVL2,2,"['Vessel', 'Intestine']"
ENSG00000104369,24.6237390280927,4.835553195993191,6.816929983919195,JPH1,2,"['Vessel', 'Intestine']"
ENSG00000138696,49.4914505451937,3.31311503014558,6.625185919300529,BMPR1B,2,"['Vessel', 'Intestine']"
ENSG00000163737,1.53193711946584,12.013948323144621,6.591341096993148,PF4,2,"['Vessel', 'Intestine']"
ENSG00000117069,27.0317742598404,7.314546606458765,6.202675726795566,ST6GALNAC5,2,"['Vessel', 'Intestine']"
ENSG00000154764,12.3299116484397,6.06733041262296,6.195064693862791,WNT7A,2,"['Vessel', 'Intestine']"
ENSG00000055118,98.272110942754,5.09618333976264,6.191013420437585,KCNH2,2,"['Vessel', 'Intestine']"
ENSG00000182985,269.077864810868,3.67083425269727,6.049676144240946,CADM1,2,"['Vessel', 'Intestine']"
ENSG00000152078,108.645547767201,3.7786623812160647,5.953964188073115,TLCD4,2,"['Vessel', 'Intestine']"
ENSG00000149534,5.5355481373552,12.11765323054602,5.943209094584501,MS4A2,2,"['Colon', 'Intestine']"
ENSG00000139971,132.076391097855,2.59978610989477,5.936211510513186,ARMH4,2,"['Vessel', 'Intestine']"
ENSG00000155970,136.963151170722,1.562778720714765,5.905675578675247,MICU3,2,"['Vessel', 'Intestine']"
ENSG00000187323,23.2102502997368,5.659271626211821,5.888826960042056,DCC,2,"['Vessel', 'Intestine']"
ENSG00000175538,73.7917701664875,3.3571556621346046,5.881023520112533,KCNE3,2,"['Vessel', 'Intestine']"
ENSG00000150471,224.206928258723,4.761481061898405,5.823577013132604,ADGRL3,2,"['Vessel', 'Intestine']"
ENSG00000153132,51.1675732617707,3.049984831604075,5.622920246245163,CLGN,2,"['Vessel', 'Intestine']"
ENSG00000033170,967.746922391646,1.7404466793132052,5.605646833166861,FUT8,2,"['Colon', 'Intestine']"
ENSG00000164626,109.755219523253,7.3588032760755855,5.577602199182477,KCNK5,2,"['Vessel', 'Intestine']"
ENSG00000166736,2.73900662662099,15.79195544795354,5.552574841995694,HTR3A,2,"['Colon', 'Vessel']"
ENSG00000160868,15.9335868031456,10.921158761384419,5.551995249912789,CYP3A4,2,"['Colon', 'Intestine']"
ENSG00000180287,8.03086195181681,5.59917440718332,5.3285630794567505,PLD5,2,"['Vessel', 'Intestine']"
ENSG00000146555,117.833797064316,2.8573061824724304,5.311550154515853,SDK1,2,"['Vessel', 'Intestine']"
ENSG00000153822,256.528136997618,3.8867330085370098,5.1293620242008275,KCNJ16,2,"['Vessel', 'Intestine']"
ENSG00000204740,7.58842419170286,5.52400301064037,5.089209981412494,MALRD1,2,"['Vessel', 'Intestine']"
ENSG00000123104,2413.53639810901,1.370103302154825,5.08885559206601,ITPR2,2,"['Lung', 'Kidney']"
ENSG00000004846,12.9105400984893,5.76909553979233,4.945950413110704,ABCB5,2,"['Vessel', 'Intestine']"
ENSG00000166562,487.476012221837,1.34522600887349,4.928981969539378,SEC11C,2,"['Colon', 'Vessel']"
ENSG00000110148,2.14752981545799,13.34370780660155,4.870762041789858,CCKBR,2,"['Colon', 'Vessel']"
ENSG00000162692,871.78731433168,3.066989415475335,4.847447330264132,VCAM1,2,"['Vessel', 'Intestine']"
ENSG00000087253,1341.07556371472,1.697950461472745,4.801128040549447,LPCAT2,2,"['Kidney', 'Intestine']"
ENSG00000141574,113.73143893136,2.47439346950801,4.7377652384463556,SECTM1,2,"['Heart', 'Lung']"
ENSG00000121753,89.2583478037627,2.6621365686155802,4.61127701099908,ADGRB2,2,"['Vessel', 'Intestine']"
ENSG00000243566,14.8696788464959,3.80047605026213,4.579931700651873,UPK3B,2,"['Vessel', 'Intestine']"
ENSG00000117560,2.91447301838893,6.083920331354765,4.483355492831913,FASLG,2,"['Vessel', 'Intestine']"
ENSG00000170837,7.30168919805529,4.755565543177375,4.46817057459258,GPR27,2,"['Vessel', 'Intestine']"
ENSG00000126266,2.26611608283595,12.452596686963314,4.393983943199716,FFAR1,2,"['Colon', 'Vessel']"
ENSG00000133069,254.164040792402,2.04415377832911,4.370334177587659,TMCC2,2,"['Vessel', 'Intestine']"
ENSG00000158715,300.506704126236,1.6077541983155448,4.353299540918308,SLC45A3,2,"['Heart', 'Kidney']"
ENSG00000139915,14.9033346162447,5.991308442207095,4.342318368981932,MDGA2,2,"['Vessel', 'Intestine']"
ENSG00000188580,26.3442379853509,4.7877454696799155,4.320401933659392,NKAIN2,2,"['Vessel', 'Intestine']"
ENSG00000001626,29.5489569283722,4.25041786780779,4.243102953152631,CFTR,2,"['Vessel', 'Intestine']"
ENSG00000156886,7.92166755786527,4.081908687434285,4.058921555910426,ITGAD,2,"['Vessel', 'Lung']"
ENSG00000104921,6.89209265464482,11.31501531968286,4.056822798739012,FCER2,2,"['Colon', 'Vessel']"
ENSG00000188269,4.84748472989442,15.949248336152849,3.885386368915273,OR7A5,2,"['Vessel', 'Intestine']"
ENSG00000099822,92.5754647800263,2.20890603596491,3.679406505029113,HCN2,2,"['Heart', 'Intestine']"
ENSG00000149403,26.8826763401104,2.989080545026175,3.630801693482898,GRIK4,2,"['Vessel', 'Intestine']"
ENSG00000104783,55.3496932582547,4.17488650053207,3.617001498765832,KCNN4,2,"['Colon', 'Intestine']"
ENSG00000001561,230.950354162735,2.2700526726532253,3.488283532509309,ENPP4,2,"['Vessel', 'Intestine']"
ENSG00000188820,10.0092930283273,5.306360936960806,3.480078573354299,CALHM6,2,"['Colon', 'Intestine']"
ENSG00000126861,59.0436956092587,2.80315778936986,3.4793098371421927,OMG,2,"['Liver', 'Kidney']"
ENSG00000116299,50.3874266570092,1.482332866946435,3.2834139290037037,ELAPOR1,2,"['Vessel', 'Kidney']"
ENSG00000103044,129.066302584112,2.254067671858215,3.2809823831599,HAS3,2,"['Heart', 'Liver']"
ENSG00000117322,17.1738088026329,10.94790628737055,3.20123616467169,CR2,2,"['Colon', 'Vessel']"
ENSG00000129951,21.9854715303407,2.75103168142991,3.1954186611720328,PLPPR3,2,"['Heart', 'Intestine']"
ENSG00000168995,7.10318250363674,4.31436900047334,3.1516662586492767,SIGLEC7,2,"['Vessel', 'Lung']"
ENSG00000204642,482.875939448843,1.788884865905185,3.130209472008433,HLA-F,2,"['Heart', 'Lung']"
ENSG00000243896,19.7271114076317,3.69161060762539,3.1061658039043474,OR2A7,2,"['Colon', 'Intestine']"
ENSG00000155897,7.15136511140612,3.709623412750245,3.0740163464087886,ADCY8,2,"['Heart', 'Intestine']"
ENSG00000007908,824.74872465744,2.7079468226814747,3.0542303486771107,SELE,2,"['Vessel', 'Lung']"
ENSG00000189108,2.92561481262912,2.90602341879849,3.0467512476689746,IL1RAPL2,2,"['Heart', 'Vessel']"
ENSG00000137648,34.0317717750567,4.076688729247055,3.0289155364778413,TMPRSS4,2,"['Vessel', 'Intestine']"
ENSG00000172243,47.4304507120697,3.54558923313103,3.0220618031476136,CLEC7A,2,"['Vessel', 'Intestine']"
ENSG00000085552,24.3623332183365,3.54376645252329,2.999218446427489,IGSF9,2,"['Vessel', 'Intestine']"
ENSG00000143473,16.3960386808517,3.3092022949856,2.9757649623878284,KCNH1,2,"['Vessel', 'Intestine']"
ENSG00000278023,6.24012649265285,4.595101871379245,2.97576389249683,RDM1,2,"['Colon', 'Vessel']"
ENSG00000165895,264.957765527446,1.41869428330209,2.888191212482008,ARHGAP42,2,"['Vessel', 'Intestine']"
ENSG00000197106,106.744068608226,2.51127922511127,2.875803604543772,SLC6A17,2,"['Vessel', 'Lung']"
ENSG00000104419,2358.67108224399,2.42451479501363,2.8537323494479248,NDRG1,2,"['Colon', 'Lung']"
ENSG00000105509,8.57846836347592,2.5344668380193447,2.8515666879316663,HAS1,2,"['Vessel', 'Intestine']"
ENSG00000126259,9.86544946123502,3.4189384443448,2.847342510263795,KIRREL2,2,"['Vessel', 'Intestine']"
ENSG00000183019,9.76066704305847,4.1786999306536945,2.8243767589928392,MCEMP1,2,"['Vessel', 'Intestine']"
ENSG00000153898,12.5138541672244,3.0738904014680104,2.8231862441416467,MCOLN2,2,"['Vessel', 'Intestine']"
ENSG00000141524,847.916772968761,1.250917806001675,2.8137205707844832,TMC6,2,"['Heart', 'Lung']"
ENSG00000152822,10.5297190874442,2.03702781446652,2.782814660788429,GRM1,2,"['Vessel', 'Lung']"
ENSG00000172139,25.8633291893524,2.46822245055832,2.6953703729796894,SLC9C1,2,"['Liver', 'Lung']"
ENSG00000203805,124.616232722058,2.54917740375641,2.669206158135509,PLPP4,2,"['Kidney', 'Intestine']"
ENSG00000028137,878.017746038968,1.324247729075015,2.6667658233268994,TNFRSF1B,2,"['Lung', 'Kidney']"
ENSG00000146233,24.8909942592995,2.520433115652735,2.6410848075716817,CYP39A1,2,"['Vessel', 'Intestine']"
ENSG00000100652,16.9042767600624,2.830931646646315,2.6047285423036883,SLC10A1,2,"['Lung', 'Intestine']"
ENSG00000119699,168.998792405677,1.492374534297565,2.601806785983939,TGFB3,2,"['Vessel', 'Intestine']"
ENSG00000174871,15.5622168505061,1.745292283747085,2.579844276648253,CNIH2,2,"['Vessel', 'Intestine']"
ENSG00000156097,5.65966166574376,3.2597731205805447,2.566488404037175,GPR61,2,"['Vessel', 'Intestine']"
ENSG00000106302,4.01562632931823,2.51351292730413,2.558994080185518,HYAL4,2,"['Lung', 'Kidney']"
ENSG00000042781,20.2949347034013,2.789176324106265,2.530898630332281,USH2A,2,"['Lung', 'Intestine']"
ENSG00000127325,12.5939988945045,1.9573794264933149,2.4715613578840743,BEST3,2,"['Vessel', 'Lung']"
ENSG00000138755,6.73293143281069,3.536537284297525,2.464774439523696,CXCL9,2,"['Vessel', 'Intestine']"
ENSG00000105641,3.13510490597427,2.94343243204555,2.4375291907502037,SLC5A5,2,"['Vessel', 'Lung']"
ENSG00000178297,16.0488812223604,1.665568944312755,2.4370531167968656,TMPRSS9,2,"['Heart', 'Lung']"
ENSG00000257743,9.73218073755993,3.5724928881361997,2.435645352528481,MGAM2,2,"['Vessel', 'Lung']"
ENSG00000102934,239.341847919622,1.2927465045097901,2.4333584799282217,PLLP,2,"['Liver', 'Lung']"
ENSG00000056291,17.3359198458076,3.02231821606086,2.4282852511051893,NPFFR2,2,"['Vessel', 'Intestine']"
ENSG00000260458,5.8977446065815,4.04759805300664,2.4248182884616702,KCNJ18,2,"['Colon', 'Intestine']"
ENSG00000137975,8.55372074850953,2.276132700151635,2.3993487078004945,CLCA2,2,"['Lung', 'Intestine']"
ENSG00000111729,1.436324975405,3.003357315886075,2.3764968091737186,CLEC4A,2,"['Lung', 'Intestine']"
ENSG00000109927,25.4018081487268,1.3579404371089,2.353705054912841,TECTA,2,"['Vessel', 'Lung']"
ENSG00000184292,671.289949941491,2.202980066409955,2.326154973352594,TACSTD2,2,"['Liver', 'Lung']"
ENSG00000149573,1415.65893196051,2.0207478880192298,2.241593986804091,MPZL2,2,"['Liver', 'Kidney']"
ENSG00000142606,10.3580065166425,3.386177867387095,2.233969531454856,MMEL1,2,"['Heart', 'Colon']"
ENSG00000214814,12.7034963745286,2.867643441174835,2.2145727892092917,FER1L6,2,"['Colon', 'Lung']"
ENSG00000162706,290.496545478783,2.59417585073166,2.2041880595674397,CADM3,2,"['Heart', 'Intestine']"
ENSG00000180638,78.6869935475424,3.235206031967495,2.1908225114905573,SLC47A2,2,"['Colon', 'Lung']"
ENSG00000111886,45.4984477568034,1.4876047022813,2.182844485254555,GABRR2,2,"['Lung', 'Intestine']"
ENSG00000162496,749.579149232871,1.21689580071658,2.17705078313715,DHRS3,2,"['Heart', 'Lung']"
ENSG00000023171,375.975710981805,1.1211363819927649,2.174678599765918,GRAMD1B,2,"['Heart', 'Lung']"
ENSG00000203727,212.52662116663,1.46244350175658,2.164884939106666,SAMD5,2,"['Vessel', 'Intestine']"
ENSG00000121716,113.510780192412,1.256044525043675,2.1594426985867883,PILRB,2,"['Heart', 'Kidney']"
ENSG00000103257,2268.82232867049,1.34783962835209,2.1537108378524215,SLC7A5,2,"['Vessel', 'Intestine']"
ENSG00000176695,7.20404381916167,2.65089133599809,2.123322387513457,OR4F17,2,"['Vessel', 'Lung']"
ENSG00000126264,5.28565389566749,2.63956446739647,2.096324158608428,HCST,2,"['Vessel', 'Intestine']"
ENSG00000196119,5.40338188261456,2.61807388332073,2.092548644774295,OR8A1,2,"['Lung', 'Kidney']"
ENSG00000212807,27.0605088142675,2.7579832347384503,2.0803156799067333,OR2A42,2,"['Colon', 'Intestine']"
ENSG00000172689,4.30642372571296,3.527508875881725,2.0748231307686997,MS4A10,2,"['Colon', 'Lung']"
ENSG00000204278,17.4740192184241,2.08852030485393,2.07450549488221,TMEM235,2,"['Heart', 'Kidney']"
ENSG00000150594,25.6851862050972,2.242669318837775,2.0692235789240416,ADRA2A,2,"['Lung', 'Intestine']"
ENSG00000132517,5.63903373395409,1.71800291960522,2.0688570646643565,SLC52A1,2,"['Lung', 'Kidney']"
ENSG00000215262,5.82085259099774,2.613476543855405,2.061083650700933,KCNU1,2,"['Vessel', 'Lung']"
ENSG00000090661,183.73115956922,1.44188471136319,2.0253315559309146,CERS4,2,"['Vessel', 'Lung']"
ENSG00000204681,938.65569969976,1.2855717512919949,2.0177740668321693,GABBR1,2,"['Vessel', 'Intestine']"
ENSG00000071991,14.393298556304,2.469772744765685,1.996588885688494,CDH19,2,"['Vessel', 'Lung']"
ENSG00000168229,5.17796590108369,2.912966956553665,1.9852368781016498,PTGDR,2,"['Vessel', 'Intestine']"
ENSG00000171873,16.1289870508265,1.692312067200205,1.9817305814106017,ADRA1D,2,"['Vessel', 'Intestine']"
ENSG00000221970,26.7894650043846,2.5903568358872597,1.9812899301590141,OR2A1,2,"['Colon', 'Intestine']"
ENSG00000134755,151.310227582718,3.077979383350335,1.9754822111687078,DSC2,2,"['Colon', 'Vessel']"
ENSG00000164690,21.5653886701803,1.9854296428314249,1.9227635207655909,SHH,2,"['Heart', 'Intestine']"
ENSG00000168824,431.854710758385,3.33202380381847,1.917392947131665,NSG1,2,"['Liver', 'Colon']"
ENSG00000126251,3.19355998605146,2.600112021624545,1.9084701944910503,GPR42,2,"['Vessel', 'Lung']"
ENSG00000197706,4.01456540773916,3.378187488293875,1.8877937109132867,OR6C74,2,"['Colon', 'Lung']"
ENSG00000171903,24.5846397670362,2.5987234893255753,1.8560129135339225,CYP4F11,2,"['Vessel', 'Lung']"
ENSG00000151690,408.085300570684,1.32335675901422,1.8508259913595406,MFSD6,2,"['Liver', 'Intestine']"
ENSG00000188051,4.85489577567947,1.34155800474235,1.8193829467314266,TMEM221,2,"['Vessel', 'Lung']"
ENSG00000124602,53.2001554983398,1.9407100574705,1.8157816896329093,UNC5CL,2,"['Lung', 'Intestine']"
ENSG00000198821,18.7663557505107,3.05961002401017,1.8145271219485024,CD247,2,"['Colon', 'Vessel']"
ENSG00000160318,7.73458387266703,1.96272536989561,1.781697428794803,CLDND2,2,"['Colon', 'Vessel']"
ENSG00000189051,2.21576594603299,1.823188429991795,1.779105592065906,RNF222,2,"['Vessel', 'Lung']"
ENSG00000007129,63.4785761276889,1.34707781746417,1.773548332877112,CEACAM21,2,"['Vessel', 'Lung']"
ENSG00000085741,20.3311495753982,2.036725800952625,1.7700092512084735,WNT11,2,"['Heart', 'Intestine']"
ENSG00000021461,2.50101711790476,2.158291185845365,1.7585636644569669,CYP3A43,2,"['Vessel', 'Lung']"
ENSG00000166961,1.78592518604318,2.018835918377765,1.7509133664208003,MS4A15,2,"['Heart', 'Lung']"
ENSG00000066813,426.940066780479,2.966554344218215,1.7488038172720888,ACSM2B,2,"['Colon', 'Lung']"
ENSG00000264717,4.88347193903159,2.62428586659375,1.7207080204015326,NPY4R2,2,"['Vessel', 'Intestine']"
ENSG00000178531,225.999690931708,1.135828961942035,1.7171369640382625,CTXN1,2,"['Heart', 'Intestine']"
ENSG00000099834,89.467825594485,1.9326441768981,1.7077528189508604,CDHR5,2,"['Heart', 'Intestine']"
ENSG00000179817,2.2653859610597,2.200900769648155,1.703397415576521,MRGPRX4,2,"['Vessel', 'Lung']"
ENSG00000130643,3.36950105821291,2.26647558398547,1.688298119038733,CALY,2,"['Vessel', 'Intestine']"
ENSG00000134198,80.3896078852886,1.446714800824,1.6801624126112467,TSPAN2,2,"['Vessel', 'Lung']"
ENSG00000006210,432.236790563702,1.89498627167062,1.6635609379030392,CX3CL1,2,"['Liver', 'Lung']"
ENSG00000283654,3.81443303631394,1.8334324556363049,1.6609477946870412,LMLN2,2,"['Lung', 'Intestine']"
ENSG00000185101,80.0490166808924,1.4537375938499149,1.6603567721920354,ANO9,2,"['Heart', 'Lung']"
ENSG00000144668,629.507794896452,2.896837316238425,1.6547878561682325,ITGA9,2,"['Colon', 'Lung']"
ENSG00000162391,50.8701360223983,2.64417427136883,1.641940654888642,FAM151A,2,"['Colon', 'Lung']"
ENSG00000128040,2.92541035721166,2.441169287027585,1.632798579312526,SPINK2,2,"['Lung', 'Intestine']"
ENSG00000112218,16.0367326066023,1.2178693852672349,1.6289727444225197,GPR63,2,"['Vessel', 'Intestine']"
ENSG00000106178,1.87967188440094,1.9222007231949898,1.6243214087185676,CCL24,2,"['Lung', 'Kidney']"
ENSG00000116218,25.6257183034277,5.957119216233715,1.61164851380001,NPHS2,2,"['Liver', 'Vessel']"
ENSG00000177752,3.17764615331543,1.664115967472995,1.5886943045848563,YIPF7,2,"['Lung', 'Intestine']"
ENSG00000105707,222.32800918839,1.646644821251965,1.586219148955379,HPN,2,"['Heart', 'Vessel']"
ENSG00000254521,3.7080494204379,2.59829422776358,1.5706098372340371,SIGLEC12,2,"['Vessel', 'Intestine']"
ENSG00000164935,2.37779278846347,2.3882525138270747,1.5640198548898823,DCSTAMP,2,"['Lung', 'Intestine']"
ENSG00000128617,2.84682165031793,1.81580771344984,1.5472875669052244,OPN1SW,2,"['Lung', 'Kidney']"
ENSG00000144847,38.3951968278753,1.9540581943207749,1.5345137371575703,IGSF11,2,"['Vessel', 'Lung']"
ENSG00000165325,2.4330798757689,2.1593050617303247,1.5295466354676925,DEUP1,2,"['Vessel', 'Lung']"
ENSG00000261949,2.56555321328774,2.188147331797325,1.5099984370129866,GFY,2,"['Vessel', 'Lung']"
ENSG00000133962,4.58147737074579,1.9826419611435,1.5017611832358804,CATSPERB,2,"['Lung', 'Kidney']"
ENSG00000055732,17.2448080472884,1.94655860072179,1.4998620475654536,MCOLN3,2,"['Lung', 'Intestine']"
ENSG00000122224,24.9627870010946,3.077861515318565,1.496230403603428,LY9,2,"['Colon', 'Vessel']"
ENSG00000244476,20.5969859328283,1.20654298542835,1.4772429099561943,ERVFRD-1,2,"['Vessel', 'Lung']"
ENSG00000174669,64.1554568436334,1.107008598013595,1.4744991522985762,SLC29A2,2,"['Heart', 'Lung']"
ENSG00000158014,53.7521197303027,2.812091863331915,1.4177535073117844,SLC30A2,2,"['Colon', 'Lung']"
ENSG00000070915,62.9632775442148,1.82836264126141,1.4045630918410108,SLC12A3,2,"['Vessel', 'Lung']"
ENSG00000165186,14.7868061173329,23.3080647219923,55.488871308555645,PTCHD1,1,['Intestine']
ENSG00000163581,111.974488386934,16.7826664422425,24.53028353730014,SLC2A2,1,['Intestine']
ENSG00000157404,1091.99969603312,6.87943981316223,17.4954020965901,KIT,1,['Intestine']
ENSG00000174600,189.578794342891,11.7496430491101,17.153697228756783,CMKLR1,1,['Intestine']
ENSG00000137634,1.63719616542306,20.6689674518789,16.45604817508309,NXPE4,1,['Liver']
ENSG00000179178,20.225898987295,15.855671661357,15.38315153692949,TMEM125,1,['Intestine']
ENSG00000123384,4656.89221067329,6.36993678814458,13.957846303891024,LRP1,1,['Intestine']
ENSG00000175040,502.951612029072,2.76995701548004,11.6043574611581,CHST2,1,['Intestine']
ENSG00000158764,2.62752217104466,23.2934886337165,10.324884955284068,ITLN2,1,['Colon']
ENSG00000158008,13.9449106794005,7.75946712366663,10.041718433092841,EXTL1,1,['Intestine']
ENSG00000127954,58.769879382653,9.99648488621323,9.958421433034461,STEAP4,1,['Intestine']
ENSG00000111962,126.109545379321,4.30425567574182,9.65532807298965,UST,1,['Intestine']
ENSG00000177694,108.92758433331,4.24073971664036,9.33045226002761,NAALADL2,1,['Intestine']
ENSG00000111817,804.549323683143,2.0123139029968,9.243289299365209,DSE,1,['Intestine']
ENSG00000188822,4.42769976328734,19.7085922847369,8.653356060589058,CNR2,1,['Colon']
ENSG00000149451,220.732702024265,7.9544545437477,8.627046100801662,ADAM33,1,['Intestine']
ENSG00000138759,506.482872132809,4.22537766174208,8.435389092643799,FRAS1,1,['Intestine']
ENSG00000189184,550.939155132904,6.18265717820485,8.158924055771985,PCDH18,1,['Intestine']
ENSG00000221963,610.127605511878,1.9240613396169,7.343343869413227,APOL6,1,['Heart']
ENSG00000196712,1603.32097794449,1.38273980125492,7.04170139530981,NF1,1,['Intestine']
ENSG00000185483,327.220145396822,3.02135404783298,6.920941141249809,ROR1,1,['Intestine']
ENSG00000225968,94.7727046868422,4.05350275655712,6.81787343688686,ELFN1,1,['Intestine']
ENSG00000141424,795.467887349642,1.67318831093439,6.455264506591766,SLC39A6,1,['Intestine']
ENSG00000144724,2059.7908391196,1.98849564939879,6.318775282685346,PTPRG,1,['Intestine']
ENSG00000137462,130.699391968352,3.17438431927653,5.973022507978706,TLR2,1,['Vessel']
ENSG00000172986,53.3308641131116,3.86968098947943,5.888026202332912,GXYLT2,1,['Intestine']
ENSG00000088543,100.127052757365,2.41324474929334,5.852025523918411,C3orf18,1,['Intestine']
ENSG00000188404,184.172618013707,4.91949959130067,5.782519860024466,SELL,1,['Intestine']
ENSG00000147650,411.649047115458,1.62491686220136,5.7270257903736095,LRP12,1,['Intestine']
ENSG00000143643,472.142797419015,1.20916824452923,5.678877472856634,TTC13,1,['Intestine']
ENSG00000112796,34.8729664400907,8.33577430671525,5.649951473776697,ENPP5,1,['Intestine']
ENSG00000168077,1445.24885773503,1.93883242597237,5.528568842805437,SCARA3,1,['Kidney']
ENSG00000136960,444.251131525099,4.47122130542915,5.292368522130027,ENPP2,1,['Intestine']
ENSG00000132704,9.78257858877511,19.8352998873843,5.2027028998442,FCRL2,1,['Colon']
ENSG00000143786,80.6282356991561,2.44308510034697,5.147124467063462,CNIH3,1,['Intestine']
ENSG00000138821,296.504764538304,2.54244272574414,5.098249471662258,SLC39A8,1,['Intestine']
ENSG00000197406,8.4884021420611,21.0759391494989,5.074747396879348,DIO3,1,['Colon']
ENSG00000172071,531.917754889563,1.14273210955306,5.017874397091288,EIF2AK3,1,['Intestine']
ENSG00000108523,1069.36736760294,1.19398490035033,4.908385359016729,RNF167,1,['Heart']
ENSG00000144366,394.022839088303,1.46299879594371,4.8362115490598985,GULP1,1,['Intestine']
ENSG00000181652,56.3712448578299,5.1744248136764,4.813434993615184,ATG9B,1,['Colon']
ENSG00000050438,271.351618331864,2.06151608458592,4.789459271599271,SLC4A8,1,['Intestine']
ENSG00000146648,982.302035436331,2.48947770546547,4.765169125495725,EGFR,1,['Intestine']
ENSG00000174807,483.226540678089,4.97443389935736,4.745612224690406,CD248,1,['Intestine']
ENSG00000105701,2917.17098298344,1.30499387593992,4.734474177174598,FKBP8,1,['Heart']
ENSG00000116260,5736.57101011071,1.59927626933579,4.671868127175999,QSOX1,1,['Heart']
ENSG00000163393,35.8199175810642,4.9495422799419,4.645703864220068,SLC22A15,1,['Intestine']
ENSG00000189013,2.20687441726078,7.71549415993403,4.440221937496185,KIR2DL4,1,['Vessel']
ENSG00000085117,668.055408248259,1.88641411771321,4.428981399271859,CD82,1,['Intestine']
ENSG00000118762,1051.40485006481,1.10227539378113,4.391735262438526,PKD2,1,['Intestine']
ENSG00000102119,1000.02345326345,1.190612900556,4.388492196073384,EMD,1,['Heart']
ENSG00000057704,1052.039872109,2.22795841255954,4.384535977114935,TMCC3,1,['Intestine']
ENSG00000171714,63.8145332524615,4.48793938476255,4.371585519661497,ANO5,1,['Intestine']
ENSG00000102854,23.0458794951749,4.28856677942579,4.336624371792562,MSLN,1,['Vessel']
ENSG00000163162,1258.64716059821,1.47863918825859,4.3023927224250045,RNF149,1,['Intestine']
ENSG00000060656,237.045664793168,1.90478979463893,4.219229425307946,PTPRU,1,['Intestine']
ENSG00000162236,713.289406356792,1.22056748964627,4.09945354351173,STX5,1,['Heart']
ENSG00000173530,2719.5082147528,1.70034755504694,4.060679760591581,TNFRSF10D,1,['Intestine']
ENSG00000138688,2633.7487006751,1.21035674623854,3.958283870874427,KIAA1109,1,['Intestine']
ENSG00000140937,1847.13327058706,3.12760085122351,3.8287499243079,CDH11,1,['Intestine']
ENSG00000171017,6.06685747082648,2.25585500869022,3.8231455349436922,LRRC8E,1,['Heart']
ENSG00000177697,5488.99247698499,1.26557472844519,3.7715780313437937,CD151,1,['Heart']
ENSG00000278535,163.94414883637,1.02770869445697,3.676470207935543,DHRS11,1,['Heart']
ENSG00000064687,277.61559380818,1.61221158789211,3.6613012214871636,ABCA7,1,['Heart']
ENSG00000162576,652.611333272799,3.17244061345576,3.636372803512112,MXRA8,1,['Intestine']
ENSG00000179104,271.995579445802,1.96775181466676,3.608813448306263,TMTC2,1,['Liver']
ENSG00000079385,939.312424852737,2.39763995790787,3.5942645240464506,CEACAM1,1,['Lung']
ENSG00000164106,30.5559446712574,3.98970159639662,3.593865439495867,SCRG1,1,['Intestine']
ENSG00000101439,3670.68244234805,1.16957827067811,3.5400527157535735,CST3,1,['Heart']
ENSG00000186326,2.89212477478432,2.33898234200724,3.4624040507266645,RGS9BP,1,['Heart']
ENSG00000205336,2669.60748741254,1.32926967868245,3.4507468326059083,ADGRG1,1,['Vessel']
ENSG00000062282,51.767111027486,2.28690759019796,3.4450581494338905,DGAT2,1,['Intestine']
ENSG00000170545,578.446442862703,2.3538785761005,3.4004137767229037,SMAGP,1,['Colon']
ENSG00000277399,6.25534805470714,4.16296887947505,3.39833592172395,GPR179,1,['Intestine']
ENSG00000121578,244.862085605541,1.27942871959161,3.2966465604002844,B4GALT4,1,['Intestine']
ENSG00000147119,268.934009082693,1.16076864267025,3.2484857019407247,CHST7,1,['Intestine']
ENSG00000101188,62.1236212271426,3.02210979860489,3.2376316284353246,NTSR1,1,['Intestine']
ENSG00000134780,163.109187119479,1.24688043609739,3.2091670858952446,DAGLA,1,['Heart']
ENSG00000004468,167.025216457562,2.77070691947309,3.1644025217731473,CD38,1,['Lung']
ENSG00000100647,1128.71797068286,1.11550931410434,3.1046216945092175,SUSD6,1,['Intestine']
ENSG00000129749,20.3588362000336,1.79882237298481,3.0932713998552503,CHRNA10,1,['Intestine']
ENSG00000104998,256.317403145835,1.14267011626475,3.0595806787310735,IL27RA,1,['Intestine']
ENSG00000144040,492.759814087743,1.04682417086051,3.049589659931001,SFXN5,1,['Heart']
ENSG00000112276,214.25567934125,1.817884018244,3.0351894554757415,BVES,1,['Intestine']
ENSG00000146828,767.823458479623,1.01471758387178,2.957070524011667,SLC12A9,1,['Heart']
ENSG00000010310,16.3972021514405,7.1475208996651,2.9306725593455836,GIPR,1,['Colon']
ENSG00000091129,2116.22325922833,1.9735444094758,2.9189308045642495,NRCAM,1,['Kidney']
ENSG00000087088,1971.90281836681,1.06197188500283,2.91682929699854,BAX,1,['Heart']
ENSG00000164411,4.12010339288585,2.95464105349094,2.8868935537787035,GJB7,1,['Kidney']
ENSG00000182674,4.16094424454593,3.38709388805581,2.8747518362483477,KCNB2,1,['Lung']
ENSG00000198523,105.749081624249,3.97802571310408,2.869355493467996,PLN,1,['Intestine']
ENSG00000185652,9.84710654253522,4.21445711885136,2.860442476598111,NTF3,1,['Intestine']
ENSG00000177666,1257.18366756887,1.22540929109741,2.8327277127690795,PNPLA2,1,['Heart']
ENSG00000165633,160.80972952583,2.90453145066713,2.8231515520441293,VSTM4,1,['Intestine']
ENSG00000059804,2214.68620011436,1.72604291069344,2.8081305430126915,SLC2A3,1,['Intestine']
ENSG00000163293,51.2411938638676,1.99941496476418,2.8056659960137886,NIPAL1,1,['Intestine']
ENSG00000145242,40.8965439071575,2.3997767224868,2.7412042951105504,EPHA5,1,['Vessel']
ENSG00000170293,187.589916610327,2.75543295217742,2.7360839423694445,CMTM8,1,['Colon']
ENSG00000157214,179.591825074819,1.52431848479141,2.7171823314040546,STEAP2,1,['Heart']
ENSG00000168140,335.555223441677,2.5093931441717,2.7144231156817704,VASN,1,['Intestine']
ENSG00000168216,761.942791046764,1.03011862259696,2.7138771268937387,LMBRD1,1,['Intestine']
ENSG00000061656,93.4368610729645,1.08090919169963,2.6842461680427996,SPAG4,1,['Heart']
ENSG00000168928,17.4707964873347,3.276191450117,2.6357759573721395,CTRB2,1,['Intestine']
ENSG00000151726,1027.28241815437,2.60182427713519,2.618607978356106,ACSL1,1,['Colon']
ENSG00000174950,1.39806421684116,3.21985849615702,2.607105188382447,CD164L2,1,['Heart']
ENSG00000105290,176.289768955265,1.25636180804392,2.605441342354973,APLP1,1,['Vessel']
ENSG00000162694,772.659172884683,1.00407143803453,2.5893273478952823,EXTL2,1,['Intestine']
ENSG00000198246,110.881576898458,1.132785505459,2.585855741988316,SLC29A3,1,['Lung']
ENSG00000178201,14.8854950288575,2.04041359520596,2.5751677495957983,VN1R1,1,['Intestine']
ENSG00000162494,12.6255043163805,3.07655403943441,2.550697258827702,LRRC38,1,['Lung']
ENSG00000197540,3.40134653099174,3.6166078621136,2.5394390181533053,GZMM,1,['Intestine']
ENSG00000122420,77.4179559043975,2.00017540556222,2.5310300960393457,PTGFR,1,['Heart']
ENSG00000166979,457.569299802796,1.38200622058529,2.514240854592928,EVA1C,1,['Liver']
ENSG00000105852,28.366340982741,2.73897552435354,2.5027536007267313,PON3,1,['Intestine']
ENSG00000060140,195.242239672494,1.91262193065384,2.4356314438710127,STYK1,1,['Kidney']
ENSG00000186806,32.7013730478872,1.14710201194675,2.3671262783756117,VSIG10L,1,['Lung']
ENSG00000118298,25.4782661399115,1.45570794311698,2.308258578256008,CA14,1,['Lung']
ENSG00000003989,1416.50178596819,1.72887775650409,2.3038308830032252,SLC7A2,1,['Kidney']
ENSG00000118402,84.2758808757874,1.68517065937924,2.3001800412795066,ELOVL4,1,['Intestine']
ENSG00000139874,111.010871650684,2.26408697756401,2.2946410014822214,SSTR1,1,['Intestine']
ENSG00000137747,7.89071919675362,3.68059670557091,2.2907830878354107,TMPRSS13,1,['Intestine']
ENSG00000130193,527.657141451568,1.00223070459989,2.280916036105698,THEM6,1,['Heart']
ENSG00000166394,59.0207465124423,2.04743746951279,2.2437174619123272,CYB5R2,1,['Intestine']
ENSG00000221933,2.30313547720568,2.84374440043312,2.2134277684286263,OR2A25,1,['Lung']
ENSG00000171126,6.19541844017311,2.85032218094205,2.20879628507661,KCNG3,1,['Vessel']
ENSG00000141429,5978.6524479764,1.18418726774065,2.1643444622319117,GALNT1,1,['Kidney']
ENSG00000090554,8.40731126718555,1.33791708598736,2.158287006918579,FLT3LG,1,['Lung']
ENSG00000103089,6.1258131203552,2.90454818804314,2.1493891155589555,FA2H,1,['Vessel']
ENSG00000171611,4.90300872786102,2.42730002606689,2.117566078730934,PTCRA,1,['Vessel']
ENSG00000196277,5.88263365950934,3.23975656532304,2.107484708508509,GRM7,1,['Intestine']
ENSG00000175318,15.6321758599226,1.53078388278723,2.1024009891765143,GRAMD2A,1,['Heart']
ENSG00000272398,1056.98741340043,2.37495226483837,2.092182942501641,CD24,1,['Intestine']
ENSG00000179314,961.818157850521,1.37866287020428,2.0838656358323786,WSCD1,1,['Intestine']
ENSG00000188763,20.78402778472,1.41517621730769,2.0789337976752216,FZD9,1,['Heart']
ENSG00000185883,133.746535651754,1.3286533439145,2.0753580679888812,ATP6V0C,1,['Heart']
ENSG00000126460,45.7345204211491,1.2870646673589,2.0610439479653095,PRRG2,1,['Lung']
ENSG00000164647,533.653963522617,1.52551901485615,2.040830486385337,STEAP1,1,['Kidney']
ENSG00000126246,9.03151926574942,1.04975023541046,2.040456068836803,IGFLR1,1,['Vessel']
ENSG00000174792,5.43892717824279,2.52748884330744,2.000305840566964,ODAPH,1,['Vessel']
ENSG00000177363,27.2799864907184,2.69430579938458,1.985292382963174,LRRN4CL,1,['Intestine']
ENSG00000081985,21.1547528602385,1.97115587634722,1.9774154313296304,IL12RB2,1,['Intestine']
ENSG00000114200,251.117745757501,1.59308659722804,1.9394800303160207,BCHE,1,['Vessel']
ENSG00000152952,5097.16789603641,1.06307308141061,1.9296890431144829,PLOD2,1,['Kidney']
ENSG00000273777,2.89269521817809,2.28350815429203,1.9029001173291926,CEACAM20,1,['Lung']
ENSG00000007312,31.0088839801325,3.93039152759473,1.90101521768917,CD79B,1,['Colon']
ENSG00000135973,2.50160157873997,1.97894531986611,1.895968141962244,GPR45,1,['Lung']
ENSG00000158270,1167.70248089958,1.62114656528502,1.8864521414338178,COLEC12,1,['Kidney']
ENSG00000189067,534.884798139204,3.63247832619319,1.8852158679329396,LITAF,1,['Colon']
ENSG00000175229,6.28011816528367,2.00511099591998,1.883106863664515,GAL3ST3,1,['Lung']
ENSG00000130377,5.13479379813346,1.61482564617079,1.8804056175863977,ACSBG2,1,['Lung']
ENSG00000128602,181.650600974177,1.43414671267521,1.873740234313938,SMO,1,['Intestine']
ENSG00000170289,5.14357072865073,1.89350795918074,1.8617339452584925,CNGB3,1,['Lung']
ENSG00000145476,248.375762513374,1.26342279539074,1.8575642410696969,CYP4V2,1,['Intestine']
ENSG00000067715,365.953117867011,1.26773467155207,1.8185797176515381,SYT1,1,['Lung']
ENSG00000167608,68.3088478963789,1.19799646058398,1.808078325500551,TMC4,1,['Vessel']
ENSG00000112149,308.656358295677,1.4290001758091,1.7938166545563365,CD83,1,['Vessel']
ENSG00000244242,22.7228429912321,1.48587951643603,1.7892111530206098,IFITM10,1,['Heart']
ENSG00000168412,8.92753318452637,2.7213337896439,1.7840117014770622,MTNR1A,1,['Intestine']
ENSG00000100739,5.25062013527393,2.15977238315479,1.7738837999804975,BDKRB1,1,['Lung']
ENSG00000166391,4.58982179840896,2.4348389862261,1.773548987805547,MOGAT2,1,['Lung']
ENSG00000093072,543.942693506602,1.10290933583121,1.7543280089826574,ADA2,1,['Vessel']
ENSG00000053501,277.451281641686,1.12778023325786,1.7535193684828216,USE1,1,['Colon']
ENSG00000104938,363.53252031771,2.10177173001491,1.7524916054169988,CLEC4M,1,['Lung']
ENSG00000174502,18.8784545686683,2.20746220464537,1.7419780650218157,SLC26A9,1,['Liver']
ENSG00000165799,1.57654444653475,2.34344543723006,1.738824098636327,RNASE7,1,['Lung']
ENSG00000112164,9.55703192569023,3.14015171231155,1.7370899278564982,GLP1R,1,['Intestine']
ENSG00000182585,17.2914620485536,1.68337080893514,1.7217190812609104,EPGN,1,['Intestine']
ENSG00000133328,7.33040642013815,1.97570034622841,1.7033978028080174,PLAAT2,1,['Lung']
ENSG00000084674,1302.11433982341,2.09620727251929,1.7027694239880322,APOB,1,['Intestine']
ENSG00000172519,3.78972016070728,2.32452247926314,1.7021277933241228,OR10H5,1,['Lung']
ENSG00000180245,8.64780402268646,2.20283754262021,1.700362346193025,RRH,1,['Intestine']
ENSG00000039987,1.23160685766253,2.16494925613127,1.694621968018098,BEST2,1,['Lung']
ENSG00000118804,11.2166790203526,1.38929417324012,1.691452406027318,STBD1,1,['Intestine']
ENSG00000168925,24.070297884922,2.13872638938658,1.6877234769582126,CTRB1,1,['Intestine']
ENSG00000162399,23.7229963815158,2.36209100949512,1.6856362535617515,BSND,1,['Lung']
ENSG00000240583,2168.73071081004,2.09580401438372,1.6761272873023383,AQP1,1,['Intestine']
ENSG00000102962,3.3668253514314,2.21341978989459,1.6739896173052473,CCL22,1,['Vessel']
ENSG00000240403,4.2271703360598,2.82145959764662,1.6680312259525545,KIR3DL2,1,['Vessel']
ENSG00000147804,164.261496177424,2.20229843207911,1.6645954959198583,SLC39A4,1,['Colon']
ENSG00000174667,2.99458289993228,2.30548879956295,1.6483358622117699,OR7D4,1,['Lung']
ENSG00000260001,17.4918044905469,1.65589309447349,1.6424247340552989,TGFBR3L,1,['Intestine']
ENSG00000196683,2556.2877543089,1.21419606984306,1.6386384924611093,TOMM7,1,['Colon']
ENSG00000196689,58.7593910901333,1.06159538509592,1.6337568982456592,TRPV1,1,['Lung']
ENSG00000135324,90.7398601080631,3.54617227120683,1.632275710514235,MRAP2,1,['Colon']
ENSG00000164707,34.6979515751899,1.1154942367454,1.630432016824767,SLC13A4,1,['Intestine']
ENSG00000174326,23.2418492548784,1.13674913800873,1.6262137436931379,SLC16A11,1,['Lung']
ENSG00000131650,8.2876864202276,1.21624460571529,1.6185542663174681,KREMEN2,1,['Heart']
ENSG00000069696,5.70709295834642,2.04870585461829,1.6174597114177434,DRD4,1,['Intestine']
ENSG00000179826,1.80155578591621,2.04839474419053,1.6148105347125807,MRGPRX3,1,['Lung']
ENSG00000152672,2.73693472833482,2.18846515893761,1.613481651152152,CLEC4F,1,['Lung']
ENSG00000258839,90.4832570338597,1.07314577086015,1.606882370791355,MC1R,1,['Lung']
ENSG00000205560,11.5442014652329,1.41643384398668,1.602974296585648,CPT1B,1,['Lung']
ENSG00000164855,41.2211312717965,1.27346131065081,1.5993068031478717,TMEM184A,1,['Heart']
ENSG00000167642,288.588242706633,3.0808860243934,1.5933948376672251,SPINT2,1,['Colon']
ENSG00000068615,130.208364108829,3.48808172650997,1.5889140023879076,REEP1,1,['Colon']
ENSG00000149305,3.08676383026849,2.22855050997458,1.5866451229873149,HTR3B,1,['Lung']
ENSG00000277893,2.86716977698343,2.85963937233722,1.586308535971141,SRD5A2,1,['Intestine']
ENSG00000259224,4.69113328946507,1.36543320033093,1.5775448181053762,SLC35G6,1,['Lung']
ENSG00000196778,4.27897266997312,2.14453209613363,1.569818098453877,OR52K1,1,['Lung']
ENSG00000072071,508.06718115597,1.14097305605759,1.553366540593266,ADGRL1,1,['Lung']
ENSG00000239697,282.958876819737,1.7147115468491,1.5522418634679551,TNFSF12,1,['Colon']
ENSG00000171517,11.8955486084899,1.65058958064082,1.5400097884514903,LPAR3,1,['Vessel']
ENSG00000049540,772.361455465704,2.15181820309472,1.5383230556860963,ELN,1,['Intestine']
ENSG00000183379,1.7970710892501,2.02357487157738,1.5322815757429964,SYNDIG1L,1,['Lung']
ENSG00000179846,6.52772316046975,1.14273100559749,1.5269172262171395,NKPD1,1,['Heart']
ENSG00000171561,3.18442754344929,2.17784914526244,1.524983262913025,OR2AT4,1,['Vessel']
ENSG00000105464,60.404657943374,1.0280299543055,1.52293157059041,GRIN2D,1,['Lung']
ENSG00000147432,1.66476692622378,2.06838365099919,1.5167996758312063,CHRNB3,1,['Lung']
ENSG00000188517,72.5757050267048,1.50624608749895,1.5117828126454325,COL25A1,1,['Lung']
ENSG00000169439,781.748422391531,1.3390826569459,1.5069554977184865,SDC2,1,['Intestine']
ENSG00000149295,2.1669590533057,2.0330355301259,1.503752409069631,DRD2,1,['Lung']
ENSG00000175274,2485.80605913067,1.03412769668474,1.4931856152465963,TP53I11,1,['Intestine']
ENSG00000107731,1635.17358239631,1.14458514944338,1.4918184367427865,UNC5B,1,['Intestine']
ENSG00000127412,10.4245313238739,2.05983746832231,1.4895024245236153,TRPV5,1,['Lung']
ENSG00000175514,1.00505473934959,2.09611172519346,1.4815463191218088,GPR152,1,['Lung']
ENSG00000160716,8.01208448622898,1.3710010036443,1.4723493175811782,CHRNB2,1,['Lung']
ENSG00000196329,109.208193900861,1.47184515375857,1.469108966467968,GIMAP5,1,['Lung']
ENSG00000164023,750.21333362182,1.05858444010202,1.4673565391510217,SGMS2,1,['Liver']
ENSG00000256870,33.5800071534526,2.05714644477513,1.4602967328864938,SLC5A8,1,['Lung']
ENSG00000021488,35.3472621890938,1.60053176860097,1.4550283088746614,SLC7A9,1,['Lung']
ENSG00000196832,2.03759954679251,2.02842654049036,1.4327007639216034,OR11G2,1,['Lung']
ENSG00000176269,2.02440742223221,1.91963597986528,1.4251086089412173,OR4F21,1,['Lung']
ENSG00000196131,1.16722880029227,1.88270423410089,1.423145637022913,VN1R2,1,['Lung']
ENSG00000174898,2.42676878716068,1.55712308770525,1.4188995310639176,CATSPERD,1,['Vessel']
ENSG00000100368,513.766718236015,1.01391894128074,1.4163407777509038,CSF2RB,1,['Vessel']
ENSG00000167780,10.1224576244563,2.29646467350118,1.4159073631292045,SOAT2,1,['Intestine']
ENSG00000174059,6106.26970523167,1.70530480432506,1.4004119539235813,CD34,1,['Liver']
ENSG00000149452,150.270789293672,2.07612307156543,1.3944069921051472,SLC22A8,1,['Vessel']
ENSG00000189143,266.911016289856,1.13347063701131,1.3848121465730896,CLDN4,1,['Heart']
ENSG00000261341,3.06455074422745,1.81400899717165,1.3771328721159541,LOC105372440,1,['Liver']
ENSG00000171819,4.89817331883742,1.69326639984212,1.3701865898924503,ANGPTL7,1,['Lung']
ENSG00000063015,15.7529141740413,1.07254102659601,1.3670464467189678,SEZ6,1,['Vessel']
ENSG00000184698,2.18932433649912,1.86124996854458,1.3667366982054672,OR51M1,1,['Lung']
ENSG00000135517,2.12072028496499,1.45897798842165,1.363186453155775,MIP,1,['Lung']
ENSG00000089041,121.220058483317,1.23884806197256,1.3620497055748888,P2RX7,1,['Kidney']
ENSG00000105889,526.885964732353,1.02690312015996,1.3396448735668087,STEAP1B,1,['Kidney']
ENSG00000189430,7.0324003238315,2.19658308728925,1.3351187859733709,NCR1,1,['Intestine']
ENSG00000249992,236.177230077853,1.08011309329318,1.3254989049626233,TMEM158,1,['Intestine']
ENSG00000140675,29.0658582510167,1.72937503008963,1.3201548119295214,SLC5A2,1,['Intestine']
ENSG00000198077,2.42764868586703,1.74852445782639,1.3165130222935808,CYP2A7,1,['Lung']
ENSG00000100336,130.762927523225,1.34826617476172,1.3164056441429786,APOL4,1,['Intestine']
ENSG00000182870,12.980991644171,1.01170430906837,1.3163174596663934,GALNT9,1,['Vessel']
ENSG00000112309,18.143365863313,1.09127889350407,1.3129870547144324,B3GAT2,1,['Intestine']
