,sigAdj,hgncSymbol,appCount,tissList
ENSG00000112414,2.8376657089607766,ADGRG6,5,"['Heart', 'Vessel', 'Lung', 'Kidney', 'Intestine']"
ENSG00000173193,1.78010629683967,PARP14,5,"['Heart', 'Vessel', 'Lung', 'Kidney', 'Intestine']"
ENSG00000138642,3.80054479823112,HERC6,4,"['Heart', 'Vessel', 'Lung', 'Intestine']"
ENSG00000138646,3.119896181304758,HERC5,4,"['Heart', 'Vessel', 'Lung', 'Intestine']"
ENSG00000074266,2.3099507178727157,EED,4,"['Vessel', 'Lung', 'Kidney', 'Intestine']"
ENSG00000197971,2.7607827246272447,MBP,3,"['Heart', 'Vessel', 'Lung']"
ENSG00000125779,2.448069043254374,PANK2,3,"['Vessel', 'Lung', 'Intestine']"
ENSG00000173705,2.440538436470877,SUSD5,3,"['Heart', 'Vessel', 'Kidney']"
ENSG00000167889,2.338196522500386,MGAT5B,3,"['Heart', 'Vessel', 'Intestine']"
ENSG00000132031,2.2916743257486716,MATN3,3,"['Heart', 'Vessel', 'Kidney']"
ENSG00000103241,2.2614277471383333,FOXF1,3,"['Heart', 'Vessel', 'Kidney']"
ENSG00000065615,2.245843266258774,CYB5R4,3,"['Vessel', 'Lung', 'Kidney']"
ENSG00000124721,2.14973417742522,DNAH8,3,"['Vessel', 'Kidney', 'Intestine']"
ENSG00000268388,2.0138464270478864,FENDRR,3,"['Heart', 'Vessel', 'Kidney']"
ENSG00000236468,1.9577823271120505,LOC100421840,3,"['Vessel', 'Kidney', 'Intestine']"
ENSG00000236976,1.7194866598149667,RPL6P20,3,"['Heart', 'Vessel', 'Intestine']"
ENSG00000135974,1.6031331506230064,C2orf49,3,"['Lung', 'Kidney', 'Intestine']"
ENSG00000112130,1.5706187244474876,RNF8,3,"['Heart', 'Vessel', 'Kidney']"
ENSG00000078579,1.5450941851736453,FGF20,3,"['Heart', 'Vessel', 'Intestine']"
ENSG00000128487,3.454542551330658,SPECC1,2,"['Vessel', 'Intestine']"
ENSG00000123104,2.9439198753737874,ITPR2,2,"['Kidney', 'Intestine']"
ENSG00000087253,2.9232622746968353,LPCAT2,2,"['Kidney', 'Intestine']"
ENSG00000000971,2.8570897204264503,CFH,2,"['Kidney', 'Intestine']"
ENSG00000033170,2.7625970502073764,FUT8,2,"['Kidney', 'Intestine']"
ENSG00000005175,2.7579902660172184,RPAP3,2,"['Vessel', 'Lung']"
ENSG00000143248,2.668506074670676,RGS5,2,"['Kidney', 'Intestine']"
ENSG00000188641,2.633008429715349,DPYD,2,"['Kidney', 'Intestine']"
ENSG00000156011,2.605168114021845,PSD3,2,"['Kidney', 'Intestine']"
ENSG00000170144,2.575950097620736,HNRNPA3,2,"['Heart', 'Vessel']"
ENSG00000122545,2.5438289875298854,SEPTIN7,2,"['Vessel', 'Intestine']"
ENSG00000124209,2.5349186048729866,RAB22A,2,"['Liver', 'Intestine']"
ENSG00000232083,2.4894900289042297,RPL31P7,2,"['Heart', 'Intestine']"
ENSG00000121895,2.4641399122195446,TMEM156,2,"['Vessel', 'Intestine']"
ENSG00000115364,2.4525575079911794,MRPL19,2,"['Vessel', 'Intestine']"
ENSG00000013374,2.4171736110739763,NUB1,2,"['Heart', 'Vessel']"
ENSG00000130303,2.401025283766033,BST2,2,"['Heart', 'Intestine']"
ENSG00000150764,2.398908492114594,DIXDC1,2,"['Kidney', 'Intestine']"
ENSG00000134371,2.393791788045837,CDC73,2,"['Vessel', 'Intestine']"
ENSG00000117676,2.37632078677043,RPS6KA1,2,"['Heart', 'Vessel']"
ENSG00000264343,2.325161090682213,NOTCH2NLA,2,"['Kidney', 'Intestine']"
ENSG00000218472,2.2905817184308512,RPS25P7,2,"['Vessel', 'Intestine']"
ENSG00000197106,2.2778918193217557,SLC6A17,2,"['Kidney', 'Intestine']"
ENSG00000080815,2.2217378010563817,PSEN1,2,"['Vessel', 'Intestine']"
ENSG00000267573,2.2130145146758666,KRT8P5,2,"['Liver', 'Intestine']"
ENSG00000165959,2.2100805578593725,CLMN,2,"['Heart', 'Intestine']"
ENSG00000169217,2.209930569988341,CD2BP2,2,"['Heart', 'Intestine']"
ENSG00000235378,2.1691951096758855,MRPS10P1,2,"['Vessel', 'Intestine']"
ENSG00000180773,2.1574731272969716,SLC36A4,2,"['Vessel', 'Intestine']"
ENSG00000225206,2.147834505120477,MIR137HG,2,"['Kidney', 'Intestine']"
ENSG00000131013,2.1433064745242576,PPIL4,2,"['Vessel', 'Intestine']"
ENSG00000141338,2.12977814690637,ABCA8,2,"['Kidney', 'Intestine']"
ENSG00000245648,2.118351147962956,KLRK1-AS1,2,"['Vessel', 'Intestine']"
ENSG00000213315,2.1040659240953534,RPS18P2,2,"['Vessel', 'Intestine']"
ENSG00000172260,2.0893892040426394,NEGR1,2,"['Kidney', 'Intestine']"
ENSG00000240828,2.086881418281863,RPL21P4,2,"['Vessel', 'Intestine']"
ENSG00000163935,2.0795392181238146,SFMBT1,2,"['Vessel', 'Intestine']"
ENSG00000117697,2.075660923583198,NSL1,2,"['Vessel', 'Intestine']"
ENSG00000206538,2.0610703954032163,VGLL3,2,"['Kidney', 'Intestine']"
ENSG00000213051,2.0365843609296914,RPL5P5,2,"['Vessel', 'Intestine']"
ENSG00000264102,2.034024798239125,MIR4688,2,"['Colon', 'Intestine']"
ENSG00000088833,2.0335452793907995,NSFL1C,2,"['Heart', 'Vessel']"
ENSG00000197969,2.024742268173658,VPS13A,2,"['Kidney', 'Intestine']"
ENSG00000170315,2.0223580243561488,UBB,2,"['Vessel', 'Intestine']"
ENSG00000181381,2.0089068126913014,DDX60L,2,"['Heart', 'Kidney']"
ENSG00000053747,2.000403828095487,LAMA3,2,"['Heart', 'Kidney']"
ENSG00000230711,1.9972147296909077,CTAGE13P,2,"['Kidney', 'Intestine']"
ENSG00000146250,1.9816117748867028,PRSS35,2,"['Vessel', 'Intestine']"
ENSG00000226053,1.9757375860126756,LINC01776,2,"['Kidney', 'Intestine']"
ENSG00000100603,1.958475476577822,SNW1,2,"['Vessel', 'Lung']"
ENSG00000105497,1.929778823093092,ZNF175,2,"['Kidney', 'Intestine']"
ENSG00000138772,1.9249618685607193,ANXA3,2,"['Kidney', 'Intestine']"
ENSG00000263716,1.9218088979483359,SLC25A51P2,2,"['Vessel', 'Intestine']"
ENSG00000242571,1.9195509116923275,RPL21P11,2,"['Kidney', 'Intestine']"
ENSG00000158467,1.9098953593972816,AHCYL2,2,"['Vessel', 'Intestine']"
ENSG00000143469,1.9043256417015508,SYT14,2,"['Vessel', 'Intestine']"
ENSG00000256075,1.9025011508263467,PSMC6P2,2,"['Kidney', 'Intestine']"
ENSG00000177425,1.8994761805230331,PAWR,2,"['Liver', 'Kidney']"
ENSG00000271723,1.8943571880759933,MROH7-TTC4,2,"['Lung', 'Kidney']"
ENSG00000182272,1.8863189357473251,B4GALNT4,2,"['Heart', 'Intestine']"
ENSG00000144668,1.8515270314181826,ITGA9,2,"['Heart', 'Kidney']"
ENSG00000087206,1.840942153403991,UIMC1,2,"['Heart', 'Kidney']"
ENSG00000171858,1.8240962069304922,RPS21,2,"['Heart', 'Intestine']"
ENSG00000172123,1.816363720500787,SLFN12,2,"['Kidney', 'Intestine']"
ENSG00000240674,1.816010072665579,RPL21P51,2,"['Kidney', 'Intestine']"
ENSG00000117133,1.8063372409451364,RPF1,2,"['Vessel', 'Lung']"
ENSG00000164076,1.8042622966557529,CAMKV,2,"['Vessel', 'Intestine']"
ENSG00000105877,1.7973460531464296,DNAH11,2,"['Kidney', 'Intestine']"
ENSG00000121310,1.788917237582806,ECHDC2,2,"['Vessel', 'Intestine']"
ENSG00000121390,1.7839838323686774,PSPC1,2,"['Heart', 'Vessel']"
ENSG00000163739,1.7756467723924314,CXCL1,2,"['Heart', 'Kidney']"
ENSG00000112208,1.7710626298944732,BAG2,2,"['Kidney', 'Intestine']"
ENSG00000233718,1.7625695722769232,MYCNOS,2,"['Kidney', 'Intestine']"
ENSG00000129197,1.7434566492636403,RPAIN,2,"['Vessel', 'Intestine']"
ENSG00000219547,1.7103676941372687,RPL17P25,2,"['Kidney', 'Intestine']"
ENSG00000252902,1.7015566247711784,RNA5SP342,2,"['Colon', 'Lung']"
ENSG00000129450,1.6986427405891802,SIGLEC9,2,"['Kidney', 'Intestine']"
ENSG00000166164,1.693896949158815,BRD7,2,"['Heart', 'Vessel']"
ENSG00000069509,1.6884197873593916,FUNDC1,2,"['Vessel', 'Intestine']"
ENSG00000235644,1.6781057339906353,RPL10P5,2,"['Liver', 'Intestine']"
ENSG00000110446,1.6742206621372682,SLC15A3,2,"['Heart', 'Lung']"
ENSG00000096401,1.6613171528134805,CDC5L,2,"['Vessel', 'Intestine']"
ENSG00000085563,1.6574177972625033,ABCB1,2,"['Heart', 'Intestine']"
ENSG00000137947,1.6569203509973431,GTF2B,2,"['Vessel', 'Intestine']"
ENSG00000142235,1.6515673823585124,LMTK3,2,"['Heart', 'Intestine']"
ENSG00000137463,1.650145761012376,MGARP,2,"['Kidney', 'Intestine']"
ENSG00000187772,1.635964262967367,LIN28B,2,"['Vessel', 'Intestine']"
ENSG00000082212,1.6144679776848594,ME2,2,"['Kidney', 'Intestine']"
ENSG00000187689,1.6042866469683545,AMTN,2,"['Vessel', 'Kidney']"
ENSG00000087495,1.5961988662753652,PHACTR3,2,"['Kidney', 'Intestine']"
ENSG00000118777,1.5882456165877872,ABCG2,2,"['Heart', 'Intestine']"
ENSG00000162873,1.5735681493659843,KLHDC8A,2,"['Vessel', 'Kidney']"
ENSG00000100599,1.5707664489700592,RIN3,2,"['Kidney', 'Intestine']"
ENSG00000110002,1.55188122860213,VWA5A,2,"['Vessel', 'Lung']"
ENSG00000112304,1.5517361212154115,ACOT13,2,"['Vessel', 'Intestine']"
ENSG00000205758,1.5481253202291296,CRYZL1,2,"['Vessel', 'Intestine']"
ENSG00000171735,1.5427618716256788,CAMTA1,2,"['Vessel', 'Intestine']"
ENSG00000284670,1.5406630484856034,RPSAP56,2,"['Heart', 'Kidney']"
ENSG00000125703,1.5390202472415977,ATG4C,2,"['Vessel', 'Intestine']"
ENSG00000266613,1.5313687655256039,COP1P1,2,"['Vessel', 'Intestine']"
ENSG00000223956,1.47692263223093,LINC01767,2,"['Lung', 'Kidney']"
ENSG00000100867,1.470486163658001,DHRS2,2,"['Heart', 'Vessel']"
ENSG00000223886,1.469995794893299,LOC100131785,2,"['Vessel', 'Intestine']"
ENSG00000169248,1.4678802091128873,CXCL11,2,"['Heart', 'Kidney']"
ENSG00000198087,1.4658772190112752,CD2AP,2,"['Vessel', 'Intestine']"
ENSG00000170381,1.4633394606453003,SEMA3E,2,"['Heart', 'Vessel']"
ENSG00000182103,1.4455904359873917,FAM181B,2,"['Heart', 'Intestine']"
ENSG00000103365,1.442365867075075,GGA2,2,"['Heart', 'Lung']"
ENSG00000201496,1.4225197882706937,RN7SKP275,2,"['Kidney', 'Intestine']"
ENSG00000144834,1.4056590409747507,TAGLN3,2,"['Vessel', 'Intestine']"
ENSG00000220773,1.3513712666352147,RPSAP44,2,"['Vessel', 'Kidney']"
ENSG00000170903,5.154775141156736,MSANTD4,1,['Intestine']
ENSG00000091542,4.222111850871767,ALKBH5,1,['Heart']
ENSG00000168438,4.218676647697769,CDC40,1,['Intestine']
ENSG00000164830,4.1621747821025705,OXR1,1,['Intestine']
ENSG00000266105,4.069762164485238,LOC100287539,1,['Intestine']
ENSG00000173786,4.028590281219411,CNP,1,['Heart']
ENSG00000067208,4.015210046005829,EVI5,1,['Intestine']
ENSG00000122566,3.8229732044053337,HNRNPA2B1,1,['Vessel']
ENSG00000110756,3.727823909394383,HPS5,1,['Intestine']
ENSG00000116171,3.584968622799776,SCP2,1,['Intestine']
ENSG00000179456,3.5331245376352935,ZBTB18,1,['Intestine']
ENSG00000233260,3.515492149158085,RPSAP63,1,['Intestine']
ENSG00000168522,3.441170491142851,FNTA,1,['Intestine']
ENSG00000157181,3.3839398879597686,ODR4,1,['Intestine']
ENSG00000261741,3.376302782540735,FRG2KP,1,['Intestine']
ENSG00000043143,3.3757281150063783,JADE2,1,['Heart']
ENSG00000103264,3.3757281150063783,FBXO31,1,['Heart']
ENSG00000106052,3.3431564241208593,TAX1BP1,1,['Intestine']
ENSG00000207307,3.3055646514707826,RNU6-145P,1,['Intestine']
ENSG00000175550,3.2942735994827004,DRAP1,1,['Heart']
ENSG00000159461,3.26525618596055,AMFR,1,['Heart']
ENSG00000163867,3.251103846389798,ZMYM6,1,['Intestine']
ENSG00000080345,3.251103846389798,RIF1,1,['Intestine']
ENSG00000229280,3.2188358041724054,EEF1DP6,1,['Intestine']
ENSG00000254471,3.1804922796892368,LOC646112,1,['Intestine']
ENSG00000135338,3.1648332421370013,LCA5,1,['Intestine']
ENSG00000234456,3.1648332421370013,MAGI2-AS3,1,['Intestine']
ENSG00000125651,3.160843880849448,GTF2F1,1,['Heart']
ENSG00000229985,3.1558906022984576,RPL18AP5,1,['Intestine']
ENSG00000205531,3.145140776099433,NAP1L4,1,['Heart']
ENSG00000276290,3.1343189152508506,RBBP4P3,1,['Intestine']
ENSG00000261609,3.121068650017726,GAN,1,['Intestine']
ENSG00000213035,3.0802955367295652,RPL23AP80,1,['Intestine']
ENSG00000170791,3.076897879443582,CHCHD7,1,['Intestine']
ENSG00000139977,3.076897879443582,NAA30,1,['Intestine']
ENSG00000175387,3.076897879443582,SMAD2,1,['Intestine']
ENSG00000106683,3.0434897272949217,LIMK1,1,['Heart']
ENSG00000244019,3.0430142320221605,RPS2P24,1,['Intestine']
ENSG00000219940,3.0430142320221605,SPTLC1P3,1,['Intestine']
ENSG00000165714,3.025112526376342,BORCS5,1,['Intestine']
ENSG00000174606,2.9805410285985503,ANGEL2,1,['Intestine']
ENSG00000146411,2.9701446227466715,SLC2A12,1,['Heart']
ENSG00000231552,2.9653742391878457,IGBP1P3,1,['Intestine']
ENSG00000118046,2.9528468777342796,STK11,1,['Heart']
ENSG00000104365,2.942632948414616,IKBKB,1,['Heart']
ENSG00000232672,2.9358542552876514,ACTG1P21,1,['Intestine']
ENSG00000052723,2.9358542552876514,SIKE1,1,['Intestine']
ENSG00000118762,2.9358542552876514,PKD2,1,['Intestine']
ENSG00000217030,2.9358542552876514,RPS18P8,1,['Intestine']
ENSG00000112079,2.9358542552876514,STK38,1,['Intestine']
ENSG00000125351,2.934111158545612,UPF3B,1,['Vessel']
ENSG00000143951,2.887061514345884,WDPCP,1,['Intestine']
ENSG00000232383,2.8664881923181245,RPL23P7,1,['Intestine']
ENSG00000239797,2.8608482624346467,RPL21P39,1,['Intestine']
ENSG00000257731,2.8576976199111517,LOC100132698,1,['Intestine']
ENSG00000243663,2.8562031998210804,RPS4XP14,1,['Intestine']
ENSG00000254831,2.848662049481983,KRT18P58,1,['Intestine']
ENSG00000230779,2.8473946070364993,RPLP0P4,1,['Intestine']
ENSG00000119787,2.8391039899109805,ATL2,1,['Intestine']
ENSG00000144366,2.8391039899109805,GULP1,1,['Intestine']
ENSG00000213293,2.8352571637437274,RPL28P5,1,['Intestine']
ENSG00000206596,2.800081664860971,RNU1-27P,1,['Intestine']
ENSG00000206588,2.800081664860971,RNU1-28P,1,['Intestine']
ENSG00000163605,2.792563964213812,PPP4R2,1,['Intestine']
ENSG00000119900,2.792563964213812,OGFRL1,1,['Intestine']
ENSG00000106571,2.792563964213812,GLI3,1,['Intestine']
ENSG00000146648,2.792563964213812,EGFR,1,['Intestine']
ENSG00000242841,2.7808427915494325,KRT8P35,1,['Intestine']
ENSG00000253793,2.7808427915494325,LPGAT1P1,1,['Intestine']
ENSG00000213312,2.779773252404962,RPL7AP34,1,['Intestine']
ENSG00000164754,2.762008338348288,RAD21,1,['Vessel']
ENSG00000168259,2.7526622200251833,DNAJC7,1,['Vessel']
ENSG00000117155,2.747527293836189,SSX2IP,1,['Intestine']
ENSG00000112200,2.747527293836189,ZNF451,1,['Intestine']
ENSG00000146350,2.747527293836189,TBC1D32,1,['Intestine']
ENSG00000048649,2.747527293836189,RSF1,1,['Intestine']
ENSG00000215899,2.7440009212976424,LOC441880,1,['Intestine']
ENSG00000162191,2.738429542172793,UBXN1,1,['Heart']
ENSG00000105617,2.738429542172793,LENG1,1,['Heart']
ENSG00000112837,2.729584359023762,TBX18,1,['Kidney']
ENSG00000229765,2.701992805365569,RPL21P62,1,['Intestine']
ENSG00000132879,2.690290916594075,FBXO44,1,['Heart']
ENSG00000198208,2.690290916594075,RPS6KL1,1,['Heart']
ENSG00000238145,2.6812604236488458,TUBAP8,1,['Intestine']
ENSG00000198929,2.673633439313048,NOS1AP,1,['Intestine']
ENSG00000216817,2.6632123794996585,R3HDM2P2,1,['Intestine']
ENSG00000213309,2.65011093929029,RPL9P18,1,['Intestine']
ENSG00000176531,2.64855085685165,PHLDB3,1,['Heart']
ENSG00000269244,2.648016432208238,RPL23AP78,1,['Intestine']
ENSG00000115380,2.639599484183806,EFEMP1,1,['Kidney']
ENSG00000196591,2.637819120220045,HDAC2,1,['Vessel']
ENSG00000116205,2.6164258402943785,TCEANC2,1,['Intestine']
ENSG00000286019,2.6164258402943785,NOTCH2NLB,1,['Intestine']
ENSG00000180211,2.6164258402943785,RPL23P6,1,['Intestine']
ENSG00000226102,2.6164258402943785,SEPTIN7P3,1,['Intestine']
ENSG00000196712,2.6164258402943785,NF1,1,['Intestine']
ENSG00000130725,2.6139635319377437,UBE2M,1,['Heart']
ENSG00000196821,2.5983955242105155,ILRUN,1,['Heart']
ENSG00000105643,2.5983955242105155,ARRDC2,1,['Heart']
ENSG00000223912,2.5974322424004175,EEF1A1P36,1,['Intestine']
ENSG00000241722,2.5845011182097455,RPL36AP23,1,['Intestine']
ENSG00000268696,2.583034022542189,ZNF723,1,['Intestine']
ENSG00000160712,2.579611955221857,IL6R,1,['Heart']
ENSG00000224870,2.579611955221857,MRPL20-AS1,1,['Heart']
ENSG00000171132,2.579611955221857,PRKCE,1,['Heart']
ENSG00000043514,2.5749034410208402,TRIT1,1,['Intestine']
ENSG00000091039,2.5749034410208402,OSBPL8,1,['Intestine']
ENSG00000215450,2.574745478394193,RPS2P54,1,['Intestine']
ENSG00000159314,2.570753937431771,ARHGAP27,1,['Kidney']
ENSG00000241002,2.5661461939680366,RPL32P13,1,['Intestine']
ENSG00000104872,2.554253782757651,PIH1D1,1,['Heart']
ENSG00000105701,2.554253782757651,FKBP8,1,['Heart']
ENSG00000236111,2.544379534521394,RPL6P1,1,['Intestine']
ENSG00000128791,2.5434401457881495,TWSG1,1,['Kidney']
ENSG00000244722,2.5390656520723427,RPSAP29,1,['Intestine']
ENSG00000126070,2.538719841480318,AGO3,1,['Intestine']
ENSG00000229503,2.538719841480318,RPL21P37,1,['Intestine']
ENSG00000083457,2.538719841480318,ITGAE,1,['Intestine']
ENSG00000103145,2.5285326384293185,HCFC1R1,1,['Heart']
ENSG00000146477,2.522728523329125,SLC22A3,1,['Intestine']
ENSG00000162236,2.5191818220509856,STX5,1,['Heart']
ENSG00000129250,2.5191818220509856,KIF1C,1,['Heart']
ENSG00000158457,2.5117725480886666,TSPAN33,1,['Vessel']
ENSG00000163162,2.495216761308911,RNF149,1,['Intestine']
ENSG00000144747,2.495216761308911,TMF1,1,['Intestine']
ENSG00000241008,2.4923075753298893,RPL7AP55,1,['Intestine']
ENSG00000232393,2.4918891913901313,RPL5P6,1,['Intestine']
ENSG00000167986,2.491070457793364,DDB1,1,['Heart']
ENSG00000257281,2.471006810980301,LOC196469,1,['Intestine']
ENSG00000213290,2.462382733309234,PGK1P2,1,['Intestine']
ENSG00000205268,2.4611732254370278,PDE7A,1,['Intestine']
ENSG00000066651,2.454746495556764,TRMT11,1,['Intestine']
ENSG00000131966,2.454746495556764,ACTR10,1,['Intestine']
ENSG00000240616,2.454746495556764,RPS6P25,1,['Intestine']
ENSG00000153157,2.4510074024736483,SYCP2L,1,['Kidney']
ENSG00000213270,2.4443200638323797,RPL6P25,1,['Intestine']
ENSG00000102119,2.443615601085324,EMD,1,['Heart']
ENSG00000213041,2.441280855550951,RPL17P8,1,['Intestine']
ENSG00000215016,2.4395410019355173,RPL24P7,1,['Intestine']
ENSG00000163319,2.4309492973583975,MRPS18C,1,['Intestine']
ENSG00000243312,2.4229043453302683,RPL6P13,1,['Intestine']
ENSG00000065491,2.4181897694548797,TBC1D22B,1,['Heart']
ENSG00000017797,2.4181897694548797,RALBP1,1,['Heart']
ENSG00000149657,2.4181897694548797,LSM14B,1,['Heart']
ENSG00000237783,2.4179185416672957,RPS2P10,1,['Intestine']
ENSG00000162511,2.3973453040071524,LAPTM5,1,['Intestine']
ENSG00000187118,2.3973453040071524,CMC1,1,['Intestine']
ENSG00000164694,2.3967624739260436,FNDC1,1,['Kidney']
ENSG00000237024,2.3784508306770515,RPL21P33,1,['Intestine']
ENSG00000233158,2.3784508306770515,RPS24P6,1,['Intestine']
ENSG00000106123,2.3775845313384387,EPHB6,1,['Intestine']
ENSG00000143401,2.377429735633297,ANP32E,1,['Vessel']
ENSG00000178860,2.37271156144869,MSC,1,['Intestine']
ENSG00000104368,2.3681697358692984,PLAT,1,['Intestine']
ENSG00000107789,2.3681697358692984,MINPP1,1,['Intestine']
ENSG00000069345,2.3681697358692984,DNAJA2,1,['Intestine']
ENSG00000178573,2.3655811046734243,MAF,1,['Kidney']
ENSG00000118420,2.363249242898083,UBE3D,1,['Intestine']
ENSG00000137628,2.3625709268310615,DDX60,1,['Heart']
ENSG00000134748,2.3583538153316326,PRPF38A,1,['Vessel']
ENSG00000260731,2.3485327314351627,KRT8P22,1,['Intestine']
ENSG00000162664,2.334243648386539,ZNF326,1,['Vessel']
ENSG00000104447,2.324735152279544,TRPS1,1,['Intestine']
ENSG00000164291,2.323762099015548,ARSK,1,['Intestine']
ENSG00000111530,2.323762099015548,CAND1,1,['Intestine']
ENSG00000198821,2.306035427267845,CD247,1,['Kidney']
ENSG00000141622,2.3058899383260942,RNF165,1,['Kidney']
ENSG00000146147,2.3038017580678294,MLIP,1,['Kidney']
ENSG00000164344,2.29926627350439,KLKB1,1,['Kidney']
ENSG00000243988,2.2980414436702263,RPS24P17,1,['Intestine']
ENSG00000005469,2.294409632492731,CROT,1,['Intestine']
ENSG00000008277,2.294409632492731,ADAM22,1,['Intestine']
ENSG00000116918,2.284197908459977,TSNAX,1,['Intestine']
ENSG00000163697,2.284197908459977,APBB2,1,['Intestine']
ENSG00000137393,2.284197908459977,RNF144B,1,['Intestine']
ENSG00000221933,2.284197908459977,OR2A25,1,['Intestine']
ENSG00000111647,2.284197908459977,UHRF1BP1L,1,['Intestine']
ENSG00000152242,2.284197908459977,C18orf25,1,['Intestine']
ENSG00000225190,2.2786263132720372,PLEKHM1,1,['Heart']
ENSG00000248625,2.265113011217497,LOC402192,1,['Intestine']
ENSG00000152078,2.252256997419596,TLCD4,1,['Vessel']
ENSG00000130940,2.251031518200308,CASZ1,1,['Kidney']
ENSG00000244390,2.246953868611581,RPS6P22,1,['Intestine']
ENSG00000094975,2.2419704988696068,SUCO,1,['Intestine']
ENSG00000180008,2.2419704988696068,SOCS4,1,['Intestine']
ENSG00000239344,2.2408563885443553,RPS6P9,1,['Intestine']
ENSG00000206150,2.23656196087138,RNASE13,1,['Kidney']
ENSG00000250241,2.235612173186854,PCDH10-DT,1,['Intestine']
ENSG00000143416,2.2342226292316907,SELENBP1,1,['Intestine']
ENSG00000171497,2.233459751489874,PPID,1,['Vessel']
ENSG00000229914,2.2282441191612445,RPS10P8,1,['Intestine']
ENSG00000149136,2.2115818355353514,SSRP1,1,['Heart']
ENSG00000138867,2.2115818355353514,GUCD1,1,['Heart']
ENSG00000068615,2.208970199769036,REEP1,1,['Kidney']
ENSG00000154380,2.2080832794742076,ENAH,1,['Kidney']
ENSG00000091317,2.2080832794742076,CMTM6,1,['Kidney']
ENSG00000231943,2.2039309216101843,PGM5P4-AS1,1,['Intestine']
ENSG00000196646,2.2015236626173564,ZNF136,1,['Intestine']
ENSG00000186017,2.2015236626173564,ZNF566,1,['Intestine']
ENSG00000255262,2.191916223213754,ELOBP2,1,['Intestine']
ENSG00000133863,2.185825543599929,TEX15,1,['Intestine']
ENSG00000231181,2.177202175378317,RPL9P11,1,['Intestine']
ENSG00000110077,2.1736123057406855,MS4A6A,1,['Intestine']
ENSG00000238161,2.169781404044113,OR7E117P,1,['Intestine']
ENSG00000250412,2.168436390470633,KLHL2P1,1,['Intestine']
ENSG00000188488,2.166302719063014,SERPINA5,1,['Intestine']
ENSG00000227770,2.165360213042516,RPL7P12,1,['Intestine']
ENSG00000116260,2.164215093685181,QSOX1,1,['Heart']
ENSG00000144040,2.164215093685181,SFXN5,1,['Heart']
ENSG00000144642,2.161866469937082,RBMS3,1,['Intestine']
ENSG00000141424,2.161866469937082,SLC39A6,1,['Intestine']
ENSG00000198730,2.1506536108754077,CTR9,1,['Vessel']
ENSG00000214846,2.1462765429499377,RPL10AP7,1,['Intestine']
ENSG00000162444,2.1393143738264526,RBP7,1,['Kidney']
ENSG00000130175,2.1377429160872663,PRKCSH,1,['Heart']
ENSG00000229757,2.1374425303407336,RPL7AP21,1,['Intestine']
ENSG00000215114,2.13663915088841,UBXN2B,1,['Vessel']
ENSG00000239887,2.130010014146803,C1orf226,1,['Intestine']
ENSG00000207524,2.127676667320252,RNU6-33P,1,['Heart']
ENSG00000106266,2.127676667320252,SNX8,1,['Heart']
ENSG00000178685,2.127676667320252,PARP10,1,['Heart']
ENSG00000105339,2.127676667320252,DENND3,1,['Heart']
ENSG00000167671,2.127676667320252,UBXN6,1,['Heart']
ENSG00000162616,2.1230740364908987,DNAJB4,1,['Kidney']
ENSG00000090686,2.1230740364908987,USP48,1,['Kidney']
ENSG00000213361,2.1220775499882616,RPL36P12,1,['Intestine']
ENSG00000121089,2.1179107752223696,NACA3P,1,['Intestine']
ENSG00000168944,2.1179107752223696,CEP120,1,['Intestine']
ENSG00000111817,2.1179107752223696,DSE,1,['Intestine']
ENSG00000186625,2.1179107752223696,KATNA1,1,['Intestine']
ENSG00000147684,2.1179107752223696,NDUFB9,1,['Intestine']
ENSG00000006007,2.1179107752223696,GDE1,1,['Intestine']
ENSG00000188322,2.117542884689936,SBK1,1,['Vessel']
ENSG00000160932,2.1020475090320523,LY6E,1,['Heart']
ENSG00000166123,2.1020475090320523,GPT2,1,['Heart']
ENSG00000088808,2.1000847237164297,PPP1R13B,1,['Kidney']
ENSG00000119440,2.09173089402838,LCN1P1,1,['Kidney']
ENSG00000260427,2.087748864883802,AGGF1P9,1,['Intestine']
ENSG00000217414,2.0864154118760836,DDX18P3,1,['Intestine']
ENSG00000102081,2.08013545215804,FMR1,1,['Vessel']
ENSG00000108771,2.077905238734924,DHX58,1,['Heart']
ENSG00000243775,2.0753316191173172,OSTCP1,1,['Intestine']
ENSG00000271602,2.0753316191173172,KRT8P49,1,['Intestine']
ENSG00000163346,2.0729277107291177,PBXIP1,1,['Heart']
ENSG00000143199,2.0671028943676673,ADCY10,1,['Intestine']
ENSG00000244040,2.0671028943676673,IL12A-AS1,1,['Intestine']
ENSG00000206530,2.064272010033817,CFAP44,1,['Intestine']
ENSG00000150477,2.064272010033817,KIAA1328,1,['Intestine']
ENSG00000251313,2.0629039956960824,LOC100286946,1,['Intestine']
ENSG00000253679,2.0629039956960824,LINC02844,1,['Intestine']
ENSG00000182866,2.0626948245690087,LCK,1,['Kidney']
ENSG00000206073,2.0498927729873637,SERPINB4,1,['Kidney']
ENSG00000218565,2.048264633425289,LOC100129844,1,['Intestine']
ENSG00000104827,2.044082647065041,CGB3,1,['Intestine']
ENSG00000117394,2.043125802520808,SLC2A1,1,['Heart']
ENSG00000104518,2.043125802520808,GSDMD,1,['Heart']
ENSG00000110090,2.043125802520808,CPT1A,1,['Heart']
ENSG00000010072,2.038139431779816,SPRTN,1,['Intestine']
ENSG00000085382,2.038139431779816,HACE1,1,['Intestine']
ENSG00000198225,2.038139431779816,FKBP1C,1,['Intestine']
ENSG00000100614,2.038139431779816,PPM1A,1,['Intestine']
ENSG00000020426,2.038139431779816,MNAT1,1,['Intestine']
ENSG00000165071,2.0367298567699272,TMEM71,1,['Intestine']
ENSG00000213626,2.0337734061192863,LBH,1,['Intestine']
ENSG00000117174,2.0318455254013528,ZNHIT6,1,['Vessel']
ENSG00000100784,2.0318455254013528,RPS6KA5,1,['Vessel']
ENSG00000227777,2.0312868725270765,RPL7AP19,1,['Intestine']
ENSG00000219257,2.0312868725270765,NPM1P38,1,['Intestine']
ENSG00000266144,2.0283085948629562,MIR4654,1,['Colon']
ENSG00000207729,2.0283085948629562,MIR556,1,['Colon']
ENSG00000265213,2.0283085948629562,MIR3684,1,['Colon']
ENSG00000252030,2.0283085948629562,RNU6-1196P,1,['Colon']
ENSG00000252898,2.0283085948629562,RNU6-1096P,1,['Colon']
ENSG00000201707,2.0283085948629562,RNU6-818P,1,['Colon']
ENSG00000238721,2.0283085948629562,RNU7-194P,1,['Colon']
ENSG00000252046,2.0283085948629562,RNU6-150P,1,['Colon']
ENSG00000207769,2.0283085948629562,MIR586,1,['Colon']
ENSG00000207758,2.0283085948629562,MIR532,1,['Colon']
ENSG00000239228,2.0283085948629562,RN7SL578P,1,['Colon']
ENSG00000263407,2.0283085948629562,MIR4660,1,['Colon']
ENSG00000266206,2.0283085948629562,MIR3926-1,1,['Colon']
ENSG00000284087,2.0283085948629562,MIR6844,1,['Colon']
ENSG00000264200,2.0283085948629562,MIR4693,1,['Colon']
ENSG00000266703,2.0283085948629562,MIR4490,1,['Colon']
ENSG00000212597,2.0283085948629562,RNU6-876P,1,['Colon']
ENSG00000252905,2.0283085948629562,RNA5SP330,1,['Colon']
ENSG00000283551,2.0283085948629562,SNORD98,1,['Colon']
ENSG00000211865,2.0283085948629562,TRAJ24,1,['Colon']
ENSG00000211879,2.0283085948629562,TRAJ10,1,['Colon']
ENSG00000273778,2.0283085948629562,MIR6765,1,['Colon']
ENSG00000202497,2.0283085948629562,RNU6-898P,1,['Colon']
ENSG00000276270,2.0283085948629562,MIR6799,1,['Colon']
ENSG00000265954,2.0283085948629562,MIR4749,1,['Colon']
ENSG00000221410,2.0283085948629562,MIR1238,1,['Colon']
ENSG00000252513,2.0283085948629562,RNU1-128P,1,['Colon']
ENSG00000237450,2.0256992232554802,RPL23AP71,1,['Intestine']
ENSG00000168071,2.0239736604084624,CCDC88B,1,['Heart']
ENSG00000135372,2.0239736604084624,NAT10,1,['Heart']
ENSG00000108604,2.0239736604084624,SMARCD2,1,['Heart']
ENSG00000105879,2.0223276832979873,CBLL1,1,['Vessel']
ENSG00000204065,2.0219124857267095,TCEAL5,1,['Intestine']
ENSG00000234040,2.015566291966982,RPL10P12,1,['Intestine']
ENSG00000073803,2.0155192128229396,MAP3K13,1,['Vessel']
ENSG00000104381,2.0155192128229396,GDAP1,1,['Vessel']
ENSG00000165548,2.0155192128229396,TMEM63C,1,['Vessel']
ENSG00000103671,2.0155192128229396,TRIP4,1,['Vessel']
ENSG00000096996,2.0155192128229396,IL12RB1,1,['Vessel']
ENSG00000078808,2.011038780952949,SDF4,1,['Heart']
ENSG00000143393,2.011038780952949,PI4KB,1,['Heart']
ENSG00000174516,2.011038780952949,PELI3,1,['Heart']
ENSG00000104825,2.011038780952949,NFKBIB,1,['Heart']
ENSG00000100403,2.011038780952949,ZC3H7B,1,['Heart']
ENSG00000100628,2.0089272319234484,ASB2,1,['Vessel']
ENSG00000196208,2.0071639077837093,GREB1,1,['Kidney']
ENSG00000185483,2.0017692959726343,ROR1,1,['Intestine']
ENSG00000174953,2.0017692959726343,DHX36,1,['Intestine']
ENSG00000231074,2.0017692959726343,HCG18,1,['Intestine']
ENSG00000154328,2.0017692959726343,NEIL2,1,['Intestine']
ENSG00000151491,2.0017692959726343,EPS8,1,['Intestine']
ENSG00000257907,1.9963336743377857,EEF1A1P17,1,['Intestine']
ENSG00000213598,1.9911304044629783,RPL31P4,1,['Vessel']
ENSG00000185829,1.9911304044629783,ARL17A,1,['Vessel']
ENSG00000121680,1.9884214143530397,PEX16,1,['Heart']
ENSG00000178971,1.9884214143530397,CTC1,1,['Heart']
ENSG00000064687,1.9884214143530397,ABCA7,1,['Heart']
ENSG00000105711,1.9804692529382941,SCN1B,1,['Heart']
ENSG00000169136,1.9804692529382941,ATF5,1,['Heart']
ENSG00000137941,1.9681195065833421,TTLL7,1,['Intestine']
ENSG00000223963,1.9681195065833421,THAP12P8,1,['Intestine']
ENSG00000231767,1.9681195065833421,RPS27AP5,1,['Intestine']
ENSG00000176826,1.9681195065833421,FKBP9P1,1,['Intestine']
ENSG00000104290,1.9681195065833421,FZD3,1,['Intestine']
ENSG00000186666,1.9681195065833421,BCDIN3D,1,['Intestine']
ENSG00000100626,1.9681195065833421,GALNT16,1,['Intestine']
ENSG00000234215,1.9658184435017971,CT66,1,['Kidney']
ENSG00000198799,1.9616276224157676,LRIG2,1,['Intestine']
ENSG00000215457,1.9616276224157676,RPS8P3,1,['Intestine']
ENSG00000172466,1.9616276224157676,ZNF24,1,['Intestine']
ENSG00000134759,1.9616276224157676,ELP2,1,['Intestine']
ENSG00000007129,1.9616276224157676,CEACAM21,1,['Intestine']
ENSG00000137502,1.9581316843386216,RAB30,1,['Kidney']
ENSG00000156599,1.9549546795604964,ZDHHC5,1,['Heart']
ENSG00000130311,1.9549546795604964,DDA1,1,['Heart']
ENSG00000105372,1.9549546795604964,RPS19,1,['Heart']
ENSG00000188130,1.9549546795604964,MAPK12,1,['Heart']
ENSG00000149231,1.9491162814392573,CCDC82,1,['Vessel']
ENSG00000164740,1.9418534486252936,SEPTIN7P5,1,['Intestine']
ENSG00000234080,1.937797833050985,RPS2P11,1,['Intestine']
ENSG00000082497,1.9369079741289703,SERTAD4,1,['Intestine']
ENSG00000174130,1.9369079741289703,TLR6,1,['Intestine']
ENSG00000203778,1.9369079741289703,FAM229B,1,['Intestine']
ENSG00000134115,1.9368554137250262,CNTN6,1,['Kidney']
ENSG00000214604,1.9321885341909526,NPM1P36,1,['Kidney']
ENSG00000140632,1.9320030183266474,GLYR1,1,['Kidney']
ENSG00000126012,1.9318656628867517,KDM5C,1,['Heart']
ENSG00000142655,1.9292035939718934,PEX14,1,['Heart']
ENSG00000214711,1.9280274466140905,CAPN14,1,['Kidney']
ENSG00000229752,1.925695643931924,RPL7P10,1,['Intestine']
ENSG00000143190,1.9256186847577548,POU2F1,1,['Intestine']
ENSG00000213854,1.9256186847577548,CNN2P6,1,['Intestine']
ENSG00000127914,1.9256186847577548,AKAP9,1,['Intestine']
ENSG00000175602,1.9256186847577548,CCDC85B,1,['Intestine']
ENSG00000258841,1.9256186847577548,EEF1A1P2,1,['Intestine']
ENSG00000119684,1.9256186847577548,MLH3,1,['Intestine']
ENSG00000015676,1.9159192598772166,NUDCD3,1,['Heart']
ENSG00000147224,1.9159192598772166,PRPS1,1,['Heart']
ENSG00000126461,1.9159192598772166,SCAF1,1,['Heart']
ENSG00000168077,1.9147923109369414,SCARA3,1,['Kidney']
ENSG00000142408,1.9147923109369414,CACNG8,1,['Kidney']
ENSG00000100625,1.90877911514801,SIX4,1,['Intestine']
ENSG00000231940,1.9085175311199736,RPS7P3,1,['Intestine']
ENSG00000189108,1.902538301979528,IL1RAPL2,1,['Vessel']
ENSG00000116670,1.8973755984846978,MAD2L2,1,['Heart']
ENSG00000141574,1.8973755984846978,SECTM1,1,['Heart']
ENSG00000104973,1.8973755984846978,MED25,1,['Heart']
ENSG00000196365,1.8973755984846978,LONP1,1,['Heart']
ENSG00000138669,1.892143285985635,PRKG2,1,['Kidney']
ENSG00000287342,1.8911436836520856,LOC105375118,1,['Kidney']
ENSG00000240392,1.8876951530349415,RPL9P3,1,['Intestine']
ENSG00000167757,1.8875932019268435,KLK11,1,['Intestine']
ENSG00000111142,1.8870356364495386,METAP2,1,['Vessel']
ENSG00000001617,1.875219727084863,SEMA3F,1,['Heart']
ENSG00000148660,1.875219727084863,CAMK2G,1,['Heart']
ENSG00000104980,1.875219727084863,TIMM44,1,['Heart']
ENSG00000180438,1.8681965668723164,TPRXL,1,['Kidney']
ENSG00000110975,1.8681965668723164,SYT10,1,['Kidney']
ENSG00000204832,1.8651090230559744,ST8SIA6-AS1,1,['Intestine']
ENSG00000189068,1.8634767569299027,VSTM1,1,['Vessel']
ENSG00000130037,1.8618689949760634,KCNA5,1,['Kidney']
ENSG00000175467,1.8584668829400675,SART1,1,['Heart']
ENSG00000140553,1.854643091382044,UNC45A,1,['Heart']
ENSG00000141564,1.854643091382044,RPTOR,1,['Heart']
ENSG00000180448,1.854643091382044,ARHGAP45,1,['Heart']
ENSG00000225251,1.854311636732855,RPL5P25,1,['Intestine']
ENSG00000240311,1.854311636732855,RPL18P12,1,['Intestine']
ENSG00000196684,1.850525526735459,HSH2D,1,['Vessel']
ENSG00000111912,1.8493127061170762,NCOA7,1,['Vessel']
ENSG00000172071,1.8492036897977864,EIF2AK3,1,['Intestine']
ENSG00000105819,1.8492036897977864,PMPCB,1,['Intestine']
ENSG00000173145,1.8492036897977864,NOC3L,1,['Intestine']
ENSG00000151413,1.8492036897977864,NUBPL,1,['Intestine']
ENSG00000175782,1.8483616442897486,SLC35E3,1,['Kidney']
ENSG00000168234,1.8468802036690581,TTC39C,1,['Intestine']
ENSG00000167384,1.8462153522231803,ZNF180,1,['Intestine']
ENSG00000219146,1.8442518145016469,RPS4XP8,1,['Intestine']
ENSG00000244048,1.8441398052249465,RPS18P6,1,['Intestine']
ENSG00000249889,1.8441398052249465,ALG1L11P,1,['Intestine']
ENSG00000114107,1.8349105733477509,CEP70,1,['Vessel']
ENSG00000232759,1.8329360557372885,LOC100506178,1,['Kidney']
ENSG00000134780,1.8329360557372885,DAGLA,1,['Kidney']
ENSG00000139626,1.8329360557372885,ITGB7,1,['Kidney']
ENSG00000241741,1.832775926009565,RPL7AP30,1,['Vessel']
ENSG00000207451,1.8318412613583324,RNU6-291P,1,['Colon']
ENSG00000252700,1.8318412613583324,RNU7-110P,1,['Colon']
ENSG00000105835,1.8235699922848196,NAMPT,1,['Kidney']
ENSG00000120896,1.8235699922848196,SORBS3,1,['Kidney']
ENSG00000174348,1.8184250315370556,PODN,1,['Intestine']
ENSG00000204622,1.8184250315370556,HLA-J,1,['Intestine']
ENSG00000121486,1.8169206796631046,TRMT1L,1,['Vessel']
ENSG00000023445,1.8169206796631046,BIRC3,1,['Vessel']
ENSG00000226688,1.8120406720470261,ENTPD1-AS1,1,['Intestine']
ENSG00000175054,1.8112451020922549,ATR,1,['Intestine']
ENSG00000173214,1.8112451020922549,MFSD4B,1,['Intestine']
ENSG00000254805,1.801743213113541,SNRPCP14,1,['Intestine']
ENSG00000091129,1.800960720816346,NRCAM,1,['Kidney']
ENSG00000115085,1.799561447640306,ZAP70,1,['Kidney']
ENSG00000138675,1.799561447640306,FGF5,1,['Kidney']
ENSG00000167984,1.799561447640306,NLRC3,1,['Kidney']
ENSG00000174326,1.799561447640306,SLC16A11,1,['Kidney']
ENSG00000146755,1.796241896011015,TRIM50,1,['Kidney']
ENSG00000171595,1.7935101029587042,DNAI2,1,['Kidney']
ENSG00000258758,1.7903498708152394,LOC440180,1,['Intestine']
ENSG00000259696,1.7891212635055191,LOC400347,1,['Kidney']
ENSG00000239780,1.7886950961604464,RPLP0P11,1,['Intestine']
ENSG00000198517,1.7886896747610952,MAFK,1,['Heart']
ENSG00000129347,1.7886896747610952,KRI1,1,['Heart']
ENSG00000105229,1.7886896747610952,PIAS4,1,['Heart']
ENSG00000156860,1.7853378367591224,FBRS,1,['Kidney']
ENSG00000007047,1.7853378367591224,MARK4,1,['Kidney']
ENSG00000219559,1.7829278002887583,RPS19P5,1,['Intestine']
ENSG00000086300,1.7826514342458333,SNX10,1,['Kidney']
ENSG00000138759,1.7805186001657864,FRAS1,1,['Intestine']
ENSG00000154188,1.7805186001657864,ANGPT1,1,['Intestine']
ENSG00000179855,1.7805186001657864,GIPC3,1,['Intestine']
ENSG00000105388,1.77932611985658,CEACAM5,1,['Kidney']
ENSG00000104343,1.7737012805175703,UBE2W,1,['Intestine']
ENSG00000105176,1.7737012805175703,URI1,1,['Intestine']
ENSG00000230523,1.7723221086037118,LINC01756,1,['Kidney']
ENSG00000166924,1.7695011034699397,NYAP1,1,['Heart']
ENSG00000104731,1.7695011034699397,KLHDC4,1,['Heart']
ENSG00000059122,1.7695011034699397,FLYWCH1,1,['Heart']
ENSG00000221963,1.7695011034699397,APOL6,1,['Heart']
ENSG00000204950,1.7634861219168982,LRRC10B,1,['Kidney']
ENSG00000241899,1.7629430043031273,TPT1P3,1,['Heart']
ENSG00000227207,1.762885383456468,RPL31P12,1,['Heart']
ENSG00000198771,1.761841504420712,RCSD1,1,['Intestine']
ENSG00000197520,1.7613205512632204,FAM177B,1,['Intestine']
ENSG00000110583,1.7535746238060528,NAA40,1,['Heart']
ENSG00000141002,1.7535746238060528,TCF25,1,['Heart']
ENSG00000089639,1.7535746238060528,GMIP,1,['Heart']
ENSG00000234559,1.751766924188448,RPL22P7,1,['Intestine']
ENSG00000157833,1.751766924188448,GAREM2,1,['Intestine']
ENSG00000235207,1.751766924188448,TUBBP6,1,['Intestine']
ENSG00000231427,1.751766924188448,LINC01445,1,['Intestine']
ENSG00000149269,1.751766924188448,PAK1,1,['Intestine']
ENSG00000119703,1.751766924188448,ZC2HC1C,1,['Intestine']
ENSG00000141441,1.751766924188448,GAREM1,1,['Intestine']
ENSG00000114115,1.7445653486335009,RBP1,1,['Kidney']
ENSG00000143171,1.7445015509389117,RXRG,1,['Vessel']
ENSG00000166523,1.7434896685590886,CLEC4E,1,['Vessel']
ENSG00000224807,1.7428743982367703,DUX4L9,1,['Intestine']
ENSG00000013725,1.7419175909168094,CD6,1,['Kidney']
ENSG00000189332,1.7409404183285142,SLC25A51P4,1,['Vessel']
ENSG00000116641,1.7405841550159389,DOCK7,1,['Intestine']
ENSG00000143353,1.7405841550159389,LYPLAL1,1,['Intestine']
ENSG00000122176,1.7405841550159389,FMOD,1,['Intestine']
ENSG00000203705,1.7405841550159389,TATDN3,1,['Intestine']
ENSG00000115750,1.7405841550159389,TAF1B,1,['Intestine']
ENSG00000132294,1.7405841550159389,EFR3A,1,['Intestine']
ENSG00000171603,1.736218844059732,CLSTN1,1,['Heart']
ENSG00000167702,1.736218844059732,KIFC2,1,['Heart']
ENSG00000090565,1.736218844059732,RAB11FIP3,1,['Heart']
ENSG00000135686,1.736218844059732,KLHL36,1,['Heart']
ENSG00000105696,1.7349089788681191,TMEM59L,1,['Intestine']
ENSG00000223500,1.734781989836674,RNF14P4,1,['Intestine']
ENSG00000213280,1.7332711803402818,RPS10P15,1,['Vessel']
ENSG00000099783,1.7332711803402818,HNRNPM,1,['Vessel']
ENSG00000257103,1.7332711803402818,LSM14A,1,['Vessel']
ENSG00000185885,1.7332131828743538,IFITM1,1,['Lung']
ENSG00000235613,1.7310423207900159,NSRP1P1,1,['Intestine']
ENSG00000104783,1.7310423207900159,KCNN4,1,['Intestine']
ENSG00000226747,1.7300467628265814,FSIP2-AS2,1,['Kidney']
ENSG00000110172,1.7286307853678256,CHORDC1,1,['Vessel']
ENSG00000283982,1.727060986033763,LOC101929563,1,['Kidney']
ENSG00000116809,1.7265728237328957,ZBTB17,1,['Heart']
ENSG00000206503,1.7265728237328957,HLA-A,1,['Heart']
ENSG00000106263,1.7265728237328957,EIF3B,1,['Heart']
ENSG00000005007,1.7265728237328957,UPF1,1,['Heart']
ENSG00000131408,1.7265728237328957,NR1H2,1,['Heart']
ENSG00000143919,1.7233294240699222,CAMKMT,1,['Intestine']
ENSG00000105784,1.7233031814283044,RUNDC3B,1,['Intestine']
ENSG00000010539,1.7233031814283044,ZNF200,1,['Intestine']
ENSG00000090661,1.7205369688763965,CERS4,1,['Kidney']
ENSG00000118640,1.7191027087304942,VAMP8,1,['Vessel']
ENSG00000170017,1.7163729186147447,ALCAM,1,['Kidney']
ENSG00000156831,1.7163729186147447,NSMCE2,1,['Kidney']
ENSG00000219135,1.7159576426624104,RPL23AP48,1,['Vessel']
ENSG00000167107,1.7139526261295412,ACSF2,1,['Heart']
ENSG00000077549,1.712160081199689,CAPZB,1,['Heart']
ENSG00000204590,1.712160081199689,GNL1,1,['Heart']
ENSG00000142459,1.712160081199689,EVI5L,1,['Heart']
ENSG00000132854,1.7071104173713234,KANK4,1,['Kidney']
ENSG00000087237,1.7071104173713234,CETP,1,['Kidney']
ENSG00000004487,1.7040249802454939,KDM1A,1,['Intestine']
ENSG00000152332,1.7040249802454939,UHMK1,1,['Intestine']
ENSG00000115464,1.7040249802454939,USP34,1,['Intestine']
ENSG00000214389,1.7040249802454939,RPS3AP26,1,['Intestine']
ENSG00000117868,1.7040249802454939,ESYT2,1,['Intestine']
ENSG00000111785,1.7040249802454939,RIC8B,1,['Intestine']
ENSG00000161642,1.702869066242567,ZNF385A,1,['Heart']
ENSG00000153237,1.7027769500772738,CCDC148,1,['Vessel']
ENSG00000109790,1.7027769500772738,KLHL5,1,['Vessel']
ENSG00000132781,1.7027294915633875,MUTYH,1,['Kidney']
ENSG00000041353,1.6974971633640952,RAB27B,1,['Intestine']
ENSG00000149573,1.6960752308110427,MPZL2,1,['Kidney']
ENSG00000225224,1.695214736824445,RPS27AP12,1,['Intestine']
ENSG00000090861,1.6947722289231288,AARS1,1,['Heart']
ENSG00000105325,1.6947722289231288,FZR1,1,['Heart']
ENSG00000047648,1.6926468980546454,ARHGAP6,1,['Intestine']
ENSG00000171611,1.6852233504455736,PTCRA,1,['Intestine']
ENSG00000232048,1.6782142213075764,HNRNPCP9,1,['Intestine']
ENSG00000228399,1.6782142213075764,RPS20P6,1,['Intestine']
ENSG00000176095,1.674705708061844,IP6K1,1,['Heart']
ENSG00000119689,1.674705708061844,DLST,1,['Heart']
ENSG00000230489,1.6735855315032568,VAV3-AS1,1,['Kidney']
ENSG00000228290,1.6735855315032568,TBX18-AS1,1,['Kidney']
ENSG00000143552,1.668099272646473,NUP210L,1,['Intestine']
ENSG00000156535,1.668099272646473,CD109,1,['Intestine']
ENSG00000164953,1.668099272646473,TMEM67,1,['Intestine']
ENSG00000175895,1.668099272646473,PLEKHF2,1,['Intestine']
ENSG00000072062,1.668099272646473,PRKACA,1,['Intestine']
ENSG00000116661,1.6665925801696642,FBXO2,1,['Heart']
ENSG00000255152,1.6657111786566063,MSH5-SAPCD1,1,['Kidney']
ENSG00000246985,1.6657111786566063,SOCS2-AS1,1,['Kidney']
ENSG00000101695,1.6657111786566063,RNF125,1,['Kidney']
ENSG00000227850,1.6625577562188072,SEPTIN2P1,1,['Vessel']
ENSG00000115935,1.662086580550337,WIPF1,1,['Intestine']
ENSG00000156795,1.661655393727403,NTAQ1,1,['Vessel']
ENSG00000215262,1.661655393727403,KCNU1,1,['Vessel']
ENSG00000176566,1.6608741306823893,DCAF4L2,1,['Colon']
ENSG00000212576,1.6608741306823893,RNA5SP467,1,['Colon']
ENSG00000032444,1.6591502587992277,PNPLA6,1,['Heart']
ENSG00000130382,1.6591502587992277,MLLT1,1,['Heart']
ENSG00000133275,1.6578889496267724,CSNK1G2,1,['Heart']
ENSG00000145287,1.6564971210901167,PLAC8,1,['Vessel']
ENSG00000126262,1.6503563964075527,FFAR2,1,['Intestine']
ENSG00000116793,1.6481201522417583,PHTF1,1,['Kidney']
ENSG00000144711,1.6481201522417583,IQSEC1,1,['Kidney']
ENSG00000143641,1.6412209656650356,GALNT2,1,['Heart']
ENSG00000128563,1.6412209656650356,PRKRIP1,1,['Heart']
ENSG00000183665,1.6412209656650356,TRMT12,1,['Heart']
ENSG00000100605,1.6412209656650356,ITPK1,1,['Heart']
ENSG00000227591,1.6386011351407528,HSD11B1-AS1,1,['Vessel']
ENSG00000259129,1.638141798076517,LINC00648,1,['Kidney']
ENSG00000130475,1.6331029389931828,FCHO1,1,['Vessel']
ENSG00000107438,1.6327551843401442,PDLIM1,1,['Kidney']
ENSG00000104814,1.6327551843401442,MAP4K1,1,['Kidney']
ENSG00000117000,1.6323380237798712,RLF,1,['Intestine']
ENSG00000119203,1.6323380237798712,CPSF3,1,['Intestine']
ENSG00000164073,1.6323380237798712,MFSD8,1,['Intestine']
ENSG00000135315,1.6323380237798712,CEP162,1,['Intestine']
ENSG00000147119,1.6323380237798712,CHST7,1,['Intestine']
ENSG00000182070,1.6323380237798712,OR52A1,1,['Intestine']
ENSG00000186814,1.6323380237798712,ZSCAN30,1,['Intestine']
ENSG00000267752,1.6323380237798712,RPS10P27,1,['Intestine']
ENSG00000231821,1.6321493841044787,NPM1P48,1,['Intestine']
ENSG00000114790,1.6321493841044787,ARHGEF26,1,['Intestine']
ENSG00000029534,1.6321493841044787,ANK1,1,['Intestine']
ENSG00000176927,1.6321493841044787,EFCAB5,1,['Intestine']
ENSG00000158008,1.6238823986795998,EXTL1,1,['Intestine']
ENSG00000164120,1.623480669359502,HPGD,1,['Vessel']
ENSG00000153774,1.623480669359502,CFDP1,1,['Vessel']
ENSG00000204439,1.6204205994922714,C6orf47,1,['Heart']
ENSG00000108312,1.6204205994922714,UBTF,1,['Heart']
ENSG00000243455,1.6166048825471346,RPS18P13,1,['Intestine']
ENSG00000123338,1.616274855587801,NCKAP1L,1,['Intestine']
ENSG00000086289,1.6121781696794042,EPDR1,1,['Intestine']
ENSG00000132153,1.6113231688079854,DHX30,1,['Heart']
ENSG00000161904,1.6113231688079854,LEMD2,1,['Heart']
ENSG00000137288,1.6113231688079854,UQCC2,1,['Heart']
ENSG00000137269,1.6113231688079854,LRRC1,1,['Heart']
ENSG00000243335,1.6113231688079854,KCTD7,1,['Heart']
ENSG00000187954,1.6113231688079854,CYHR1,1,['Heart']
ENSG00000133315,1.6113231688079854,MACROD1,1,['Heart']
ENSG00000103510,1.6113231688079854,KAT8,1,['Heart']
ENSG00000269699,1.6113231688079854,ZIM2,1,['Heart']
ENSG00000164930,1.6098437395913456,FZD6,1,['Kidney']
ENSG00000185567,1.6098437395913456,AHNAK2,1,['Kidney']
ENSG00000150048,1.6083264537012374,CLEC1A,1,['Intestine']
ENSG00000088053,1.6049409402700616,GP6,1,['Vessel']
ENSG00000236171,1.6013128807375165,RPL12P26,1,['Intestine']
ENSG00000121406,1.6013128807375165,ZNF549,1,['Intestine']
ENSG00000036549,1.6013045838270108,ZZZ3,1,['Intestine']
ENSG00000110427,1.6013045838270108,KIAA1549L,1,['Intestine']
ENSG00000130517,1.595152865339106,PGPEP1,1,['Heart']
ENSG00000255815,1.5944547485901073,KRT8P11,1,['Intestine']
ENSG00000128609,1.5944070735545857,NDUFA5,1,['Vessel']
ENSG00000100461,1.5944070735545857,RBM23,1,['Vessel']
ENSG00000163156,1.5933906281202173,SCNM1,1,['Heart']
ENSG00000149115,1.5933906281202173,TNKS1BP1,1,['Heart']
ENSG00000155287,1.5933906281202173,SLC25A28,1,['Heart']
ENSG00000139112,1.5933906281202173,GABARAPL1,1,['Heart']
ENSG00000099875,1.5933906281202173,MKNK2,1,['Heart']
ENSG00000237469,1.5904281871426118,TUBB8P10,1,['Intestine']
ENSG00000257851,1.5882922205301966,HNRNPA3P10,1,['Kidney']
ENSG00000152952,1.5858074139419995,PLOD2,1,['Kidney']
ENSG00000225405,1.585172749680161,RPS15AP17,1,['Intestine']
ENSG00000167625,1.5819347186647377,ZNF526,1,['Heart']
ENSG00000213695,1.5785800981742426,RPS7P14,1,['Intestine']
ENSG00000207113,1.5774103564155728,RNU6-16P,1,['Intestine']
ENSG00000152315,1.5774103564155728,KCNK13,1,['Intestine']
ENSG00000066135,1.5742929456365338,KDM4A,1,['Heart']
ENSG00000070047,1.5742929456365338,PHRF1,1,['Heart']
ENSG00000109472,1.5735016515703182,CPE,1,['Intestine']
ENSG00000242882,1.5691717743030147,RPL5P11,1,['Intestine']
ENSG00000224939,1.566920159163812,LINC00184,1,['Lung']
ENSG00000258292,1.566920159163812,LINC02410,1,['Lung']
ENSG00000229663,1.5664665472729145,DPY19L4P1,1,['Intestine']
ENSG00000150776,1.5664665472729145,NKAPD1,1,['Intestine']
ENSG00000162496,1.566008103400199,DHRS3,1,['Heart']
ENSG00000184470,1.566008103400199,TXNRD2,1,['Heart']
ENSG00000213115,1.5636836342095723,LOC729141,1,['Intestine']
ENSG00000216642,1.5636836342095723,RPL31P27,1,['Intestine']
ENSG00000003989,1.5618395666876361,SLC7A2,1,['Kidney']
ENSG00000243830,1.5618051559666215,RPL15P17,1,['Vessel']
ENSG00000167778,1.560744136499245,SPRYD3,1,['Heart']
ENSG00000196961,1.560744136499245,AP2A1,1,['Heart']
ENSG00000123815,1.560744136499245,COQ8B,1,['Heart']
ENSG00000172270,1.560744136499245,BSG,1,['Heart']
ENSG00000186827,1.5603286619118546,TNFRSF4,1,['Intestine']
ENSG00000220069,1.5538643781973707,RPL7P27,1,['Heart']
ENSG00000129521,1.5507405485039514,EGLN3,1,['Kidney']
ENSG00000228037,1.5506663189174303,LOC100996583,1,['Intestine']
ENSG00000230787,1.5506663189174303,PSAT1P3,1,['Intestine']
ENSG00000067334,1.5468393869750412,DNTTIP2,1,['Vessel']
ENSG00000070501,1.5457974233615304,POLB,1,['Vessel']
ENSG00000141448,1.5434563344837793,GATA6,1,['Intestine']
ENSG00000185122,1.5433718528805513,HSF1,1,['Heart']
ENSG00000102978,1.5433718528805513,POLR2C,1,['Heart']
ENSG00000172775,1.5433718528805513,PSME3IP1,1,['Heart']
ENSG00000183779,1.5433659574123626,ZNF703,1,['Intestine']
ENSG00000162302,1.5411976305253106,RPS6KA4,1,['Heart']
ENSG00000198417,1.5411976305253106,MT1F,1,['Heart']
ENSG00000091436,1.540355963816312,MAP3K20,1,['Kidney']
ENSG00000134294,1.540355963816312,SLC38A2,1,['Kidney']
ENSG00000175354,1.5390856552123264,PTPN2,1,['Vessel']
ENSG00000258955,1.538458645863752,LINC00519,1,['Intestine']
ENSG00000154118,1.5373529396618872,JPH3,1,['Heart']
ENSG00000257038,1.5338191487721675,ARHGEF17-AS1,1,['Kidney']
ENSG00000116299,1.5325005892572117,ELAPOR1,1,['Kidney']
ENSG00000144810,1.5325005892572117,COL8A1,1,['Kidney']
ENSG00000204978,1.5325005892572117,ERICH4,1,['Kidney']
ENSG00000126266,1.5325005892572117,FFAR1,1,['Kidney']
ENSG00000116786,1.5320460512947947,PLEKHM2,1,['Heart']
ENSG00000198874,1.5320460512947947,TYW1,1,['Heart']
ENSG00000180318,1.5320460512947947,ALX1,1,['Heart']
ENSG00000139651,1.5320460512947947,ZNF740,1,['Heart']
ENSG00000108592,1.5320460512947947,FTSJ3,1,['Heart']
ENSG00000172830,1.5311970927673995,SSH3,1,['Heart']
ENSG00000232327,1.5301026005437268,LOC100419739,1,['Intestine']
ENSG00000196504,1.5297840931853448,PRPF40A,1,['Vessel']
ENSG00000006576,1.5297840931853448,PHTF2,1,['Vessel']
ENSG00000132604,1.5297840931853448,TERF2,1,['Vessel']
ENSG00000136244,1.5276446791257436,IL6,1,['Intestine']
ENSG00000283813,1.5276446791257436,MIR4485,1,['Intestine']
ENSG00000205865,1.5273664775669311,FAM99B,1,['Kidney']
ENSG00000137757,1.5256066119176337,CASP5,1,['Intestine']
ENSG00000150782,1.5245569195356632,IL18,1,['Intestine']
ENSG00000255996,1.5245569195356632,LOC390282,1,['Intestine']
ENSG00000260438,1.5245569195356632,LOC100421594,1,['Intestine']
ENSG00000232676,1.5244620254400378,ADH5P2,1,['Kidney']
ENSG00000143164,1.5218026366624229,DCAF6,1,['Heart']
ENSG00000179886,1.5218026366624229,TIGD5,1,['Heart']
ENSG00000087365,1.5218026366624229,SF3B2,1,['Heart']
ENSG00000119720,1.5218026366624229,NRDE2,1,['Heart']
ENSG00000204673,1.5218026366624229,AKT1S1,1,['Heart']
ENSG00000063180,1.5218026366624229,CA11,1,['Heart']
ENSG00000160953,1.5218026366624229,PWWP3A,1,['Heart']
ENSG00000140749,1.520817044753001,IGSF6,1,['Intestine']
ENSG00000176974,1.5192040514176723,SHMT1,1,['Vessel']
ENSG00000243725,1.5163449111735166,TTC4,1,['Kidney']
ENSG00000145365,1.5163449111735166,TIFA,1,['Kidney']
ENSG00000066382,1.5163449111735166,MPPED2,1,['Kidney']
ENSG00000213335,1.5150405075259212,CLNS1AP1,1,['Intestine']
ENSG00000198829,1.5141342050533966,SUCNR1,1,['Vessel']
ENSG00000167904,1.5122240891419017,TMEM68,1,['Intestine']
ENSG00000162772,1.5099381448845945,ATF3,1,['Heart']
ENSG00000178719,1.5096572119233107,GRINA,1,['Heart']
ENSG00000110047,1.5096572119233107,EHD1,1,['Heart']
ENSG00000155252,1.5096572119233107,PI4K2A,1,['Heart']
ENSG00000169750,1.5096572119233107,RAC3,1,['Heart']
ENSG00000177051,1.5096572119233107,FBXO46,1,['Heart']
ENSG00000228929,1.5061510644958542,RPS13P2,1,['Vessel']
ENSG00000167600,1.5061510644958542,CYP2S1,1,['Vessel']
ENSG00000151952,1.5054478482344096,TMEM132D,1,['Kidney']
ENSG00000177707,1.502052126032481,NECTIN3,1,['Kidney']
ENSG00000235750,1.496920022331582,KIAA0040,1,['Intestine']
ENSG00000214595,1.496920022331582,EML6,1,['Intestine']
ENSG00000155016,1.496920022331582,CYP2U1,1,['Intestine']
ENSG00000025156,1.496920022331582,HSF2,1,['Intestine']
ENSG00000111906,1.496920022331582,HDDC2,1,['Intestine']
ENSG00000055211,1.496920022331582,GINM1,1,['Intestine']
ENSG00000149294,1.496920022331582,NCAM1,1,['Intestine']
ENSG00000167601,1.496920022331582,AXL,1,['Intestine']
ENSG00000153187,1.4960286197790151,HNRNPU,1,['Vessel']
ENSG00000218426,1.4960286197790151,RPL27AP6,1,['Vessel']
ENSG00000147601,1.4960286197790151,TERF1,1,['Vessel']
ENSG00000213973,1.4957371160216175,ZNF99,1,['Intestine']
ENSG00000178028,1.4948016901646184,DMAP1,1,['Heart']
ENSG00000171863,1.4948016901646184,RPS7,1,['Heart']
ENSG00000118960,1.4948016901646184,HS1BP3,1,['Heart']
ENSG00000122678,1.4948016901646184,POLM,1,['Heart']
ENSG00000253187,1.4948016901646184,HOXA10-AS,1,['Heart']
ENSG00000156587,1.4948016901646184,UBE2L6,1,['Heart']
ENSG00000205364,1.4948016901646184,MT1M,1,['Heart']
ENSG00000164796,1.493115815336782,CSMD3,1,['Vessel']
ENSG00000249488,1.4925132659222482,NACAP5,1,['Intestine']
ENSG00000196242,1.4920914860935905,OR2C3,1,['Kidney']
ENSG00000112164,1.4908249673560587,GLP1R,1,['Kidney']
ENSG00000265631,1.4869206326903885,BNIP3P3,1,['Vessel']
ENSG00000212710,1.4853425442254977,CTAGE1,1,['Heart']
ENSG00000146555,1.4853008065313644,SDK1,1,['Vessel']
ENSG00000130595,1.4852801538819502,TNNT3,1,['Kidney']
ENSG00000051620,1.48489984810364,HEBP2,1,['Intestine']
ENSG00000249695,1.4838436953591545,LOC574538,1,['Kidney']
ENSG00000228075,1.4833625484905968,BOD1L2,1,['Intestine']
ENSG00000168615,1.4826759125602664,ADAM9,1,['Kidney']
ENSG00000085741,1.4826759125602664,WNT11,1,['Kidney']
ENSG00000083799,1.4826759125602664,CYLD,1,['Kidney']
ENSG00000217139,1.4806502218926703,LOC100129422,1,['Intestine']
ENSG00000229977,1.4806502218926703,RPL26P22,1,['Intestine']
ENSG00000205866,1.4805197898308073,FAM99A,1,['Kidney']
ENSG00000166925,1.4801317354902577,TSC22D4,1,['Heart']
ENSG00000112379,1.4790508318826072,ARFGEF3,1,['Heart']
ENSG00000131165,1.4790508318826072,CHMP1A,1,['Heart']
ENSG00000130522,1.4790508318826072,JUND,1,['Heart']
ENSG00000120645,1.4783647866864664,IQSEC3,1,['Kidney']
ENSG00000090554,1.4762853081405372,FLT3LG,1,['Kidney']
ENSG00000057149,1.4760747041761564,SERPINB3,1,['Kidney']
ENSG00000243894,1.474358339597003,RPS3AP16,1,['Intestine']
ENSG00000077063,1.473692323737884,CTTNBP2,1,['Vessel']
ENSG00000224004,1.473692323737884,ATP5F1CP1,1,['Vessel']
ENSG00000254965,1.4717972431068138,C1DP5,1,['Intestine']
ENSG00000166455,1.4705430600126226,C16orf46,1,['Kidney']
ENSG00000230547,1.4703024712726305,HMGB1P11,1,['Kidney']
ENSG00000152284,1.4703024712726305,TCF7L1,1,['Kidney']
ENSG00000248633,1.4703024712726305,GET1P1,1,['Kidney']
ENSG00000267082,1.4703024712726305,LOC105372273,1,['Kidney']
ENSG00000167653,1.4681397618734835,PSCA,1,['Heart']
ENSG00000181135,1.4681397618734835,ZNF707,1,['Heart']
ENSG00000214725,1.4681397618734835,CDIPTOSP,1,['Heart']
ENSG00000130024,1.4668789663407857,PHF10,1,['Lung']
ENSG00000163512,1.4654498334528205,AZI2,1,['Intestine']
ENSG00000251478,1.4654498334528205,TCP1P2,1,['Intestine']
ENSG00000146281,1.4654498334528205,PM20D2,1,['Intestine']
ENSG00000185900,1.4654498334528205,POMK,1,['Intestine']
ENSG00000147316,1.4654498334528205,MCPH1,1,['Intestine']
ENSG00000177200,1.4654498334528205,CHD9,1,['Intestine']
ENSG00000197961,1.4654498334528205,ZNF121,1,['Intestine']
ENSG00000167395,1.46363720715649,ZNF646,1,['Heart']
ENSG00000104938,1.46363720715649,CLEC4M,1,['Heart']
ENSG00000104880,1.46363720715649,ARHGEF18,1,['Heart']
ENSG00000242574,1.462367742859875,HLA-DMB,1,['Kidney']
ENSG00000178934,1.462367742859875,LGALS7,1,['Kidney']
ENSG00000199436,1.461370527903519,SNORD9,1,['Heart']
ENSG00000182628,1.4582881546947113,SKA2,1,['Vessel']
ENSG00000152092,1.4578709824360978,ASTN1,1,['Intestine']
ENSG00000117691,1.4578709824360978,NENF,1,['Intestine']
ENSG00000211764,1.4578709824360978,TRBJ2-1,1,['Intestine']
ENSG00000181690,1.4578709824360978,PLAG1,1,['Intestine']
ENSG00000134533,1.4578709824360978,RERG,1,['Intestine']
ENSG00000240935,1.4539300483231237,PLGLA,1,['Kidney']
ENSG00000196511,1.4539300483231237,TPK1,1,['Kidney']
ENSG00000036448,1.4539300483231237,MYOM2,1,['Kidney']
ENSG00000140948,1.4539300483231237,ZCCHC14,1,['Kidney']
ENSG00000121236,1.453377477190946,TRIM6,1,['Heart']
ENSG00000110046,1.45318805174727,ATG2A,1,['Heart']
ENSG00000237179,1.4528272668584146,LINC01797,1,['Kidney']
ENSG00000171903,1.4524290748866782,CYP4F11,1,['Vessel']
ENSG00000225662,1.451433581846456,RPL14P2,1,['Intestine']
ENSG00000147687,1.4504362785767895,TATDN1,1,['Vessel']
ENSG00000116752,1.4481768999201001,BCAS2,1,['Vessel']
ENSG00000120798,1.4477967536643204,NR2C1,1,['Lung']
ENSG00000234127,1.4463376852872878,TRIM26,1,['Heart']
ENSG00000233016,1.4463376852872878,SNHG7,1,['Heart']
ENSG00000072958,1.4463376852872878,AP1M1,1,['Heart']
ENSG00000179218,1.4463376852872878,CALR,1,['Heart']
ENSG00000079805,1.4463376852872878,DNM2,1,['Heart']
ENSG00000135472,1.4453311099239625,FAIM2,1,['Intestine']
ENSG00000237226,1.4403571604974879,RPS3AP39,1,['Kidney']
ENSG00000167895,1.4403571604974879,TMC8,1,['Kidney']
ENSG00000169682,1.4370904912792033,SPNS1,1,['Kidney']
ENSG00000207574,1.436917778154945,MIR661,1,['Colon']
ENSG00000108830,1.436651566759504,RND2,1,['Heart']
ENSG00000008382,1.436651566759504,MPND,1,['Heart']
ENSG00000271676,1.4322097055583718,LOC339966,1,['Vessel']
ENSG00000175040,1.4311216019855681,CHST2,1,['Intestine']
ENSG00000145723,1.4311216019855681,GIN1,1,['Intestine']
ENSG00000170242,1.4311216019855681,USP47,1,['Intestine']
ENSG00000129515,1.4311216019855681,SNX6,1,['Intestine']
ENSG00000239291,1.4311216019855681,RPS2P47,1,['Intestine']
ENSG00000134444,1.4311216019855681,RELCH,1,['Intestine']
ENSG00000167772,1.4311216019855681,ANGPTL4,1,['Intestine']
ENSG00000248265,1.4309096953007352,FLJ12825,1,['Kidney']
ENSG00000104824,1.4304833916941546,HNRNPL,1,['Heart']
ENSG00000147650,1.4278088428430913,LRP12,1,['Intestine']
ENSG00000205186,1.4278088428430913,FABP9,1,['Intestine']
ENSG00000173511,1.424847676608354,VEGFB,1,['Heart']
ENSG00000105619,1.424847676608354,TFPT,1,['Heart']
ENSG00000134744,1.4228461950445108,TUT4,1,['Vessel']
ENSG00000263563,1.4228461950445108,UBBP4,1,['Vessel']
ENSG00000205837,1.4174168069792583,LINC00487,1,['Kidney']
ENSG00000137709,1.4174168069792583,POU2F3,1,['Kidney']
ENSG00000269855,1.4174168069792583,RNF225,1,['Kidney']
ENSG00000170948,1.4174168069792583,MBD3L1,1,['Kidney']
ENSG00000248848,1.416884200593013,PPBPP2,1,['Liver']
ENSG00000184677,1.4164136759037418,ZBTB40,1,['Heart']
ENSG00000143515,1.4164136759037418,ATP8B2,1,['Heart']
ENSG00000135801,1.4164136759037418,TAF5L,1,['Heart']
ENSG00000104419,1.4164136759037418,NDRG1,1,['Heart']
ENSG00000006194,1.4164136759037418,ZNF263,1,['Heart']
ENSG00000205336,1.4164136759037418,ADGRG1,1,['Heart']
ENSG00000090674,1.4164136759037418,MCOLN1,1,['Heart']
ENSG00000273983,1.4151103455720322,H3C8,1,['Intestine']
ENSG00000198788,1.4150906419575588,MUC2,1,['Vessel']
ENSG00000226279,1.4146243599263022,RPL12P10,1,['Intestine']
ENSG00000206965,1.4122725353053807,RNU6-5P,1,['Heart']
ENSG00000137656,1.4122725353053807,BUD13,1,['Heart']
ENSG00000168404,1.4122725353053807,MLKL,1,['Heart']
ENSG00000260027,1.4122725353053807,HOXB7,1,['Heart']
ENSG00000063176,1.4122725353053807,SPHK2,1,['Heart']
ENSG00000244363,1.4104221160591335,RPL7P23,1,['Vessel']
ENSG00000099822,1.4090488542962438,HCN2,1,['Heart']
ENSG00000254815,1.4082929386375849,LMNTD2-AS1,1,['Kidney']
ENSG00000165495,1.405434376639454,PKNOX2,1,['Vessel']
ENSG00000123080,1.4052264869629338,CDKN2C,1,['Heart']
ENSG00000164535,1.4052264869629338,DAGLB,1,['Heart']
ENSG00000136878,1.4052264869629338,USP20,1,['Heart']
ENSG00000173020,1.4052264869629338,GRK2,1,['Heart']
ENSG00000182107,1.4052264869629338,TMEM30B,1,['Heart']
ENSG00000176619,1.4052264869629338,LMNB2,1,['Heart']
ENSG00000235488,1.4012092822067943,JARID2-AS1,1,['Kidney']
ENSG00000179299,1.3997890267596653,NSUN7,1,['Intestine']
ENSG00000075945,1.3989163346477902,KIFAP3,1,['Intestine']
ENSG00000135837,1.3989163346477902,CEP350,1,['Intestine']
ENSG00000134255,1.3989163346477902,CEPT1,1,['Intestine']
ENSG00000121578,1.3989163346477902,B4GALT4,1,['Intestine']
ENSG00000112305,1.3989163346477902,SMAP1,1,['Intestine']
ENSG00000112701,1.3989163346477902,SENP6,1,['Intestine']
ENSG00000187735,1.3989163346477902,TCEA1,1,['Intestine']
ENSG00000155970,1.3989163346477902,MICU3,1,['Intestine']
ENSG00000166323,1.3989163346477902,C11orf65,1,['Intestine']
ENSG00000129315,1.3989163346477902,CCNT1,1,['Intestine']
ENSG00000129204,1.3989163346477902,USP6,1,['Intestine']
ENSG00000186300,1.3989163346477902,ZNF555,1,['Intestine']
ENSG00000131115,1.3989163346477902,ZNF227,1,['Intestine']
ENSG00000083312,1.396390165555799,TNPO1,1,['Kidney']
ENSG00000047621,1.396390165555799,C12orf4,1,['Kidney']
ENSG00000257008,1.396390165555799,GPR142,1,['Kidney']
ENSG00000141524,1.396390165555799,TMC6,1,['Kidney']
ENSG00000287281,1.396390165555799,LOC107985177,1,['Kidney']
ENSG00000224315,1.3962535306150028,RPL7P7,1,['Intestine']
ENSG00000266402,1.393829126822246,SNHG25,1,['Vessel']
ENSG00000106245,1.392789406917199,BUD31,1,['Vessel']
ENSG00000121716,1.3923278964136023,PILRB,1,['Heart']
ENSG00000110274,1.3923278964136023,CEP164,1,['Heart']
ENSG00000104915,1.3923278964136023,STX10,1,['Heart']
ENSG00000240890,1.3903044756801535,LOC100130550,1,['Vessel']
ENSG00000121871,1.3903044756801535,SLITRK3,1,['Vessel']
ENSG00000244043,1.3903044756801535,RPS27P27,1,['Vessel']
ENSG00000141639,1.3903044756801535,MAPK4,1,['Vessel']
ENSG00000278709,1.3899795360907736,NKILA,1,['Intestine']
ENSG00000176490,1.3899795360907736,DIRAS1,1,['Intestine']
ENSG00000264006,1.3860555070075304,AKR1C8P,1,['Intestine']
ENSG00000230916,1.384907941319434,MTCO1P53,1,['Intestine']
ENSG00000132016,1.3844597009794952,BRME1,1,['Kidney']
ENSG00000227403,1.3843857533494628,LINC01806,1,['Vessel']
ENSG00000232531,1.3838437902547305,KMT5AP2,1,['Vessel']
ENSG00000179455,1.3831163201374284,MKRN3,1,['Kidney']
ENSG00000261217,1.3789126133922966,BCAP31P1,1,['Vessel']
ENSG00000186283,1.378214141198797,TOR3A,1,['Heart']
ENSG00000069275,1.378214141198797,NUCKS1,1,['Heart']
ENSG00000124608,1.378214141198797,AARS2,1,['Heart']
ENSG00000205903,1.378214141198797,ZNF316,1,['Heart']
ENSG00000185085,1.378214141198797,INTS5,1,['Heart']
ENSG00000023171,1.378214141198797,GRAMD1B,1,['Heart']
ENSG00000122965,1.378214141198797,RBM19,1,['Heart']
ENSG00000169221,1.378214141198797,TBC1D10B,1,['Heart']
ENSG00000108523,1.378214141198797,RNF167,1,['Heart']
ENSG00000105656,1.378214141198797,ELL,1,['Heart']
ENSG00000130669,1.378214141198797,PAK4,1,['Heart']
ENSG00000095002,1.373762272006936,MSH2,1,['Vessel']
ENSG00000243794,1.373762272006936,SNRPCP10,1,['Vessel']
ENSG00000272391,1.3737202185834345,POM121C,1,['Kidney']
ENSG00000066117,1.3737202185834345,SMARCD1,1,['Kidney']
ENSG00000062282,1.3707377016694662,DGAT2,1,['Intestine']
ENSG00000104918,1.3702680276633028,RETN,1,['Kidney']
ENSG00000123836,1.3702010620905412,PFKFB2,1,['Intestine']
ENSG00000135749,1.3702010620905412,PCNX2,1,['Intestine']
ENSG00000272325,1.3702010620905412,NUDT3,1,['Intestine']
ENSG00000101882,1.3702010620905412,NKAP,1,['Intestine']
ENSG00000110318,1.3702010620905412,CEP126,1,['Intestine']
ENSG00000090020,1.3695661005889472,SLC9A1,1,['Intestine']
ENSG00000065243,1.3695661005889472,PKN2,1,['Intestine']
ENSG00000162627,1.3695661005889472,SNX7,1,['Intestine']
ENSG00000117222,1.3695661005889472,RBBP5,1,['Intestine']
ENSG00000115760,1.3695661005889472,BIRC6,1,['Intestine']
ENSG00000213639,1.3695661005889472,PPP1CB,1,['Intestine']
ENSG00000163738,1.3695661005889472,MTHFD2L,1,['Intestine']
ENSG00000145996,1.3695661005889472,CDKAL1,1,['Intestine']
ENSG00000096093,1.3695661005889472,EFHC1,1,['Intestine']
ENSG00000104325,1.3695661005889472,DECR1,1,['Intestine']
ENSG00000165630,1.3695661005889472,PRPF18,1,['Intestine']
ENSG00000100519,1.3695661005889472,PSMC6,1,['Intestine']
ENSG00000095917,1.3691802723459991,TPSD1,1,['Kidney']
ENSG00000162670,1.367636602191973,BRINP3,1,['Vessel']
ENSG00000206159,1.366826401425047,GYG2P1,1,['Kidney']
ENSG00000170786,1.3657906897727374,SDR16C5,1,['Vessel']
ENSG00000196341,1.3657906897727374,OR8D1,1,['Vessel']
ENSG00000092054,1.3657906897727374,MYH7,1,['Vessel']
ENSG00000103089,1.3657906897727374,FA2H,1,['Vessel']
ENSG00000267568,1.3657906897727374,LOC105371899,1,['Vessel']
ENSG00000141380,1.3657906897727374,SS18,1,['Vessel']
ENSG00000280969,1.365155075925391,RPS4Y2,1,['Vessel']
ENSG00000102924,1.3642218801426298,CBLN1,1,['Liver']
ENSG00000143373,1.3626358790491464,ZNF687,1,['Heart']
ENSG00000104221,1.3626358790491464,BRF2,1,['Heart']
ENSG00000168062,1.3626358790491464,BATF2,1,['Heart']
ENSG00000214026,1.3626358790491464,MRPL23,1,['Heart']
ENSG00000140650,1.3626358790491464,PMM2,1,['Heart']
ENSG00000105556,1.3626358790491464,MIER2,1,['Heart']
ENSG00000005981,1.3621880834526567,ASB4,1,['Kidney']
ENSG00000163220,1.360973698449443,S100A9,1,['Vessel']
ENSG00000250033,1.3605365968712515,SLC7A11-AS1,1,['Kidney']
ENSG00000086548,1.3579045932033253,CEACAM6,1,['Kidney']
ENSG00000181085,1.3568754608575548,MAPK15,1,['Liver']
ENSG00000153558,1.356646493086337,FBXL2,1,['Kidney']
ENSG00000138685,1.356646493086337,FGF2,1,['Kidney']
ENSG00000130158,1.356646493086337,DOCK6,1,['Kidney']
ENSG00000111802,1.3563858292020035,TDP2,1,['Vessel']
ENSG00000177570,1.3563858292020035,SAMD12,1,['Vessel']
ENSG00000196091,1.353558562611318,MYBPC1,1,['Vessel']
ENSG00000235110,1.3535076828867758,RPS17P10,1,['Intestine']
ENSG00000179157,1.3506665324550817,RPS2P28,1,['Vessel']
ENSG00000251633,1.3505014673978823,GYG1P1,1,['Vessel']
ENSG00000169427,1.3497142451213775,KCNK9,1,['Vessel']
ENSG00000116711,1.3494056865549953,PLA2G4A,1,['Kidney']
ENSG00000214940,1.3494056865549953,NPIPA8,1,['Kidney']
ENSG00000117477,1.346421468229263,CCDC181,1,['Intestine']
ENSG00000117091,1.3449986150399071,CD48,1,['Kidney']
ENSG00000198515,1.3446686604027749,CNGA1,1,['Intestine']
ENSG00000265867,1.3442300523078416,MIR4516,1,['Heart']
ENSG00000129951,1.3439108425552342,PLPPR3,1,['Heart']
ENSG00000185615,1.3436163452210184,PDIA2,1,['Lung']
ENSG00000037637,1.3432632362751624,FBXO42,1,['Heart']
ENSG00000087269,1.3432632362751624,NOP14,1,['Heart']
ENSG00000249835,1.3432632362751624,VCAN-AS1,1,['Heart']
ENSG00000101439,1.3432632362751624,CST3,1,['Heart']
ENSG00000079385,1.3432632362751624,CEACAM1,1,['Heart']
ENSG00000143554,1.3429783702047815,SLC27A3,1,['Intestine']
ENSG00000169255,1.3429783702047815,B3GALNT1,1,['Intestine']
ENSG00000182359,1.3429783702047815,KBTBD3,1,['Intestine']
ENSG00000171016,1.3429783702047815,PYGO1,1,['Intestine']
ENSG00000105708,1.3429783702047815,ZNF14,1,['Intestine']
ENSG00000172247,1.3421318307908674,C1QTNF4,1,['Kidney']
ENSG00000207234,1.341868215774087,RNU6-125P,1,['Intestine']
ENSG00000279891,1.341868215774087,FLJ42393,1,['Intestine']
ENSG00000007062,1.341868215774087,PROM1,1,['Intestine']
ENSG00000255002,1.341868215774087,LINC02324,1,['Intestine']
ENSG00000100604,1.341868215774087,CHGA,1,['Intestine']
ENSG00000166342,1.341868215774087,NETO1,1,['Intestine']
ENSG00000244052,1.341049711684093,RPL5P24,1,['Kidney']
ENSG00000258609,1.3407463824033399,LINC-ROR,1,['Intestine']
ENSG00000166428,1.3398579207726322,PLD4,1,['Intestine']
ENSG00000114439,1.3385800561338206,BBX,1,['Intestine']
ENSG00000198919,1.3385800561338206,DZIP3,1,['Intestine']
ENSG00000163597,1.3385800561338206,SNHG16,1,['Intestine']
ENSG00000272636,1.3363767049947075,DOC2B,1,['Kidney']
ENSG00000242852,1.3361829793341544,ZNF709,1,['Intestine']
ENSG00000235467,1.335947182541385,RPL10AP5,1,['Intestine']
ENSG00000242083,1.3356764160148564,RPL7AP31,1,['Kidney']
ENSG00000006283,1.3336078360370625,CACNA1G,1,['Intestine']
ENSG00000084072,1.3317587799458623,PPIE,1,['Heart']
ENSG00000102886,1.3314085859671727,GDPD3,1,['Kidney']
ENSG00000135631,1.330495588525827,RAB11FIP5,1,['Heart']
ENSG00000124535,1.330495588525827,WRNIP1,1,['Heart']
ENSG00000112640,1.330495588525827,PPP2R5D,1,['Heart']
ENSG00000138326,1.330495588525827,RPS24,1,['Heart']
ENSG00000127922,1.3278012045618173,SEM1,1,['Vessel']
ENSG00000233121,1.32460028048775,VN1R20P,1,['Intestine']
ENSG00000268500,1.3242298037204865,SIGLEC5,1,['Kidney']
ENSG00000163394,1.3238937727999662,CCKAR,1,['Kidney']
ENSG00000260105,1.3238937727999662,AOC4P,1,['Kidney']
ENSG00000207716,1.3199947310118818,MIR572,1,['Heart']
ENSG00000188859,1.3195407572680091,FAM78B,1,['Kidney']
ENSG00000249574,1.3195407572680091,LOC442497,1,['Kidney']
ENSG00000188536,1.3195407572680091,HBA2,1,['Kidney']
ENSG00000162694,1.3188325763857804,EXTL2,1,['Intestine']
ENSG00000233621,1.3188325763857804,ZC3H12A-DT,1,['Intestine']
ENSG00000182307,1.3188325763857804,C8orf33,1,['Intestine']
ENSG00000186318,1.3188325763857804,BACE1,1,['Intestine']
ENSG00000101187,1.3188325763857804,SLCO4A1,1,['Intestine']
ENSG00000160113,1.3188325763857804,NR2F6,1,['Intestine']
ENSG00000132881,1.3184394993495496,CPLANE2,1,['Heart']
ENSG00000146909,1.3184394993495496,NOM1,1,['Heart']
ENSG00000197362,1.3184394993495496,ZNF786,1,['Heart']
ENSG00000130038,1.3184394993495496,CRACR2A,1,['Heart']
ENSG00000180035,1.3184394993495496,ZNF48,1,['Heart']
ENSG00000169245,1.3173181039617217,CXCL10,1,['Vessel']
ENSG00000183283,1.3162197739516364,DAZAP2,1,['Lung']
ENSG00000180900,1.315825313529567,SCRIB,1,['Heart']
ENSG00000167526,1.315825313529567,RPL13,1,['Heart']
ENSG00000104884,1.315825313529567,ERCC2,1,['Heart']
ENSG00000176723,1.315367994604903,ZNF843,1,['Kidney']
ENSG00000226960,1.312657618071825,MTCO1P21,1,['Heart']
ENSG00000272055,1.3124760578635597,RNU6-6P,1,['Heart']
ENSG00000204278,1.312120721538888,TMEM235,1,['Intestine']
ENSG00000226419,1.3119121060897683,SLC16A1-AS1,1,['Kidney']
ENSG00000176142,1.3082737686630483,TMEM39A,1,['Intestine']
ENSG00000128512,1.3082737686630483,DOCK4,1,['Intestine']
ENSG00000073614,1.3082737686630483,KDM5A,1,['Intestine']
ENSG00000062725,1.3082737686630483,APPBP2,1,['Intestine']
ENSG00000213495,1.3028153360687014,RPL26P13,1,['Intestine']
ENSG00000117016,1.302514724482779,RIMS3,1,['Vessel']
